tipo;auditado;arquivo;sha256
oficio_apresentacao;;99-Gestao/01-Oficios_Apresentacao/Diretores-Presidentes/oficio_cad-ti_fisc_18-2026_caserj-cia central armazens e_281_2026_assinado_03022026020436.pdf;52cc6a26307f04240b684d39f15cc36a915a99cf26b9f1e6b07a12b66c10ecf9
oficio_apresentacao;;99-Gestao/01-Oficios_Apresentacao/Diretores-Presidentes/oficio_cad-ti_fisc_18-2026_ceasa-centrais abastecimento _282_2026_assinado_03022026020437.pdf;8ff4221d8e9c1926024059fa09304120d3a79d1439145e916d08f1de84ae1963
oficio_apresentacao;;99-Gestao/01-Oficios_Apresentacao/Diretores-Presidentes/oficio_cad-ti_fisc_18-2026_cedae-companhia estadual agua_284_2026_assinado_03022026020438.pdf;0a3c045048c2f8a51cf946634398537a71b6894c1e14310d991adccbeed81f2c
oficio_apresentacao;;99-Gestao/01-Oficios_Apresentacao/Diretores-Presidentes/oficio_cad-ti_fisc_18-2026_cehab-cia estadual de habitac_285_2026_assinado_03022026020438.pdf;6b2c39d1e9823459f9793b6492992c25590f0632e342de2d5764849ee4cca541
oficio_apresentacao;;99-Gestao/01-Oficios_Apresentacao/Diretores-Presidentes/oficio_cad-ti_fisc_18-2026_central - cia est eng transp _286_2026_assinado_03022026020439.pdf;0f0039d0873f0980db359cf61265e131df868665b8ebcd1bd54c8bedf94cba93
oficio_apresentacao;;99-Gestao/01-Oficios_Apresentacao/Diretores-Presidentes/oficio_cad-ti_fisc_18-2026_coderte-cia desenv rodov term_288_2026_assinado_03022026020440.pdf;ec9fe07bfe6809af3ad0393e576a7200564b1645410dd932118e80164b30581c
oficio_apresentacao;;99-Gestao/01-Oficios_Apresentacao/Diretores-Presidentes/oficio_cad-ti_fisc_18-2026_codin-companhia desenv indust_289_2026_assinado_03022026020441.pdf;356e15f1b619abb27d65382a6455fc9db5d64a9b2a593a49ecc8a5d7e516f92e
oficio_apresentacao;;99-Gestao/01-Oficios_Apresentacao/Diretores-Presidentes/oficio_cad-ti_fisc_18-2026_emater-emp assist tecn e ext _297_2026_assinado_03022026020445.pdf;1dc427c4be6b8a0a2e91a60123fcad40383744533e06ead3a4bde083131dad7a
oficio_apresentacao;;99-Gestao/01-Oficios_Apresentacao/Diretores-Presidentes/oficio_cad-ti_fisc_18-2026_emop-empresa de obras publica_298_2026_assinado_03022026020445.pdf;8b4a483d52136d35ed0f8ef5bf09d737b4032c8a4ee97b674b0a16862f976ac1
oficio_apresentacao;;99-Gestao/01-Oficios_Apresentacao/Diretores-Presidentes/oficio_cad-ti_fisc_18-2026_fiperj-fund instit pesca do e_303_2026_assinado_03022026020448.pdf;65e0597338952151aa4fea6f8498341819c381d44ef3511aaa8ad3a89a4562f9
oficio_apresentacao;;99-Gestao/01-Oficios_Apresentacao/Diretores-Presidentes/oficio_cad-ti_fisc_18-2026_fsc-fundacao santa cabrini_307_2026_assinado_03022026020450.pdf;9399da80ce414e25b12327db3bde1eed69c06693665f80c0c7e4cc2ac222da13
oficio_apresentacao;;99-Gestao/01-Oficios_Apresentacao/Diretores-Presidentes/oficio_cad-ti_fisc_18-2026_io-imprensa oficial do est rj_316_2026_assinado_03022026020455.pdf;dacc4f4baa07b6aca1467c159484eb7c6994152ea7b61adcb3a5a551f380ca50
oficio_apresentacao;;99-Gestao/01-Oficios_Apresentacao/Diretores-Presidentes/oficio_CAD-TI_fisc_18-2026_ISP - INST SEGURANCA PUBLICA_318_2026_assinado_03022026020456.pdf;86dd00411e31658c78aad22dc31d5222c5de62b4e6bf45dcbba837172d5e4423
oficio_apresentacao;;99-Gestao/01-Oficios_Apresentacao/Diretores-Presidentes/oficio_cad-ti_fisc_18-2026_ivb-instituto vital brazil_320_2026_assinado_03022026020457.pdf;31648ba69d3da17d83ecb06fdc16f4b7d6d4a615a5ee2be17479bb5c66d41b07
oficio_apresentacao;;99-Gestao/01-Oficios_Apresentacao/Diretores-Presidentes/oficio_cad-ti_fisc_18-2026_procon-aut protecao def consu_361_2026_assinado_03022026020518.pdf;f065bc4044354c6c91335e4c34d4d76a3d8bad6f107f92968425eb4de62b9e97
oficio_apresentacao;;99-Gestao/01-Oficios_Apresentacao/Diretores-Presidentes/oficio_cad-ti_fisc_18-2026_rj prev - fundacao previd com_365_2026_assinado_03022026020520.pdf;65cfc602c394f4db686d848dc23c0e7d6cc8cc907fa09e656095c893e58332de
oficio_apresentacao;;99-Gestao/01-Oficios_Apresentacao/oficio_cad-ti_fisc_18-2026_agenersa -  ag reg energia sa_277_2026_assinado_03022026020434.pdf;cd8b512033bc1c013f6063e863943f478efb49da8d07875ea01f3bc8383dc10f
oficio_apresentacao;;99-Gestao/01-Oficios_Apresentacao/oficio_CAD-TI_fisc_18-2026_ALERJ-ASSEMBLEIA LEGISLATIVA_280_2026_assinado_03022026020436.pdf;ef5341b7b4ef90a5a6dbf61453bf88c0367cd41be42676bf75947ee1ea31a47b
oficio_apresentacao;;99-Gestao/01-Oficios_Apresentacao/oficio_cad-ti_fisc_18-2026_controladoria geral do estado_290_2026_assinado_03022026020441.pdf;1d5b0497385ddd711f94a784b0663d9ccf6344b1cf6f91cf7a45791548260a77
oficio_apresentacao;;99-Gestao/01-Oficios_Apresentacao/oficio_cad-ti_fisc_18-2026_degase-depart geral acoes soc_291_2026_assinado_03022026020442.pdf;f1c183c320a7bee2f8ebe8b61ea98c42f81841d5c832b582ed162fea0ba76f30
oficio_apresentacao;;99-Gestao/01-Oficios_Apresentacao/oficio_cad-ti_fisc_18-2026_dpge-defensoria publica geral_295_2026_assinado_03022026020444.pdf;e305f8ca3b2bbd8efa9b1c9c4ad30f0f1049705b8e983758222de2024f0d9381
oficio_apresentacao;;99-Gestao/01-Oficios_Apresentacao/oficio_cad-ti_fisc_18-2026_fia - fundo para infancia e a_302_2026_assinado_03022026020447.pdf;11e7057381b55246e804944314284e51c4e3bbf4950f27b6bf4aa9be8753b346
oficio_apresentacao;;99-Gestao/01-Oficios_Apresentacao/oficio_cad-ti_fisc_18-2026_fs - fundacao saude erj_306_2026_assinado_03022026020449.pdf;a58c61501a325faea02d8fb1f1a33dfc972adea8842a81c007b655fb90c420b8
oficio_apresentacao;;99-Gestao/01-Oficios_Apresentacao/oficio_cad-ti_fisc_18-2026_inst est patrimonio cultural_314_2026_assinado_03022026020454.pdf;0aa1ee40877ac4724b1502b696e5b8d3e5622d6b6e42d95396f811a4f9903f1d
oficio_apresentacao;;99-Gestao/01-Oficios_Apresentacao/oficio_cad-ti_fisc_18-2026_mpe - ministerio publico do e_323_2026_assinado_03022026020458.pdf;53a9367abdd67a24d44ebb0e6ceb6ef756955b7502ceb7a93d6e20d58f1bb169
oficio_apresentacao;;99-Gestao/01-Oficios_Apresentacao/oficio_cad-ti_fisc_18-2026_pge - procuradoria-geral do e_325_2026_assinado_03022026020459.pdf;f7f49aa9a73a16d61cff4531598ed75483cd05548231ffec903604930b48dd5c
oficio_apresentacao;;99-Gestao/01-Oficios_Apresentacao/oficio_cad-ti_fisc_18-2026_tribunal de contas do estado _397_2026_assinado_03022026020537.pdf;401db1c29b3cf58c4aa7bfad686946cacf4b81a89642d55474c3916ad8d6294c
oficio_apresentacao;;99-Gestao/01-Oficios_Apresentacao/oficio_cad-ti_fisc_18-2026_tribunal de justica do estado_398_2026_assinado_03022026020538.pdf;5b6497ea600219ccb5fc35bba621b845378afabad23cebb51a33a29bc2c9d5e0
oficio_apresentacao;;99-Gestao/01-Oficios_Apresentacao/oficio_cad-ti_fisc_18-2026_uenf-univ est norte fluminense_400_2026_assinado_03022026020539.pdf;f3a8b7057e0feba77b3e0cc4b5000a02a4b58dac2dfcd303251cc32e901b5acc
oficio_apresentacao;;99-Gestao/01-Oficios_Apresentacao/oficio_cad-ti_fisc_18-2026_uerj-fund universidade do est_401_2026_assinado_03022026020540.pdf;8d5157ee099b69d979f45a5cad7491fd9dad79b8d8348eb87037e6df4d1b682e
oficio_apresentacao;;99-Gestao/01-Oficios_Apresentacao/prefeituras/oficio_cad-ti_fisc_18-2026_prefeitura angra dos reis_326_2026_assinado_03022026020500.pdf;f39a826db042a296ac6f1bef60349c04eee56601c6aa3cd58a17450f46d3fea6
oficio_apresentacao;;99-Gestao/01-Oficios_Apresentacao/prefeituras/oficio_cad-ti_fisc_18-2026_prefeitura araruama_327_2026_assinado_03022026020500.pdf;db3d5e96592b8d8b9d9f23a2c72af571c89ca7b66846cd83d6d87ce2e22ad318
oficio_apresentacao;;99-Gestao/01-Oficios_Apresentacao/prefeituras/oficio_cad-ti_fisc_18-2026_prefeitura armacao dos buzios_328_2026_assinado_03022026020501.pdf;2f9cecc4f142556bd16bbec663aecff827ea63434712314f0216a60162d1b7e9
oficio_apresentacao;;99-Gestao/01-Oficios_Apresentacao/prefeituras/oficio_cad-ti_fisc_18-2026_prefeitura arraial do cabo_329_2026_assinado_03022026020501.pdf;e512af96e0ce3eee67b6275beecbbef8936d9877329eadea39de8c45812b2ae1
oficio_apresentacao;;99-Gestao/01-Oficios_Apresentacao/prefeituras/oficio_cad-ti_fisc_18-2026_prefeitura barra do pirai_330_2026_assinado_03022026020502.pdf;b9e42b03e901ddc75bc32af073e31e870e421c10316646c7f144c6ddcaff359f
oficio_apresentacao;;99-Gestao/01-Oficios_Apresentacao/prefeituras/oficio_cad-ti_fisc_18-2026_prefeitura belford roxo_331_2026_assinado_03022026020502.pdf;8e26e64f87258a225e41369742b94c20bf76fa4a28f006660832529ca619887f
oficio_apresentacao;;99-Gestao/01-Oficios_Apresentacao/prefeituras/oficio_cad-ti_fisc_18-2026_prefeitura cabo frio_332_2026_assinado_03022026020503.pdf;2a1a3ba2aedb4f10e7cd39f521931cf5f1a510244e323d20dbec849a4d843d0f
oficio_apresentacao;;99-Gestao/01-Oficios_Apresentacao/prefeituras/oficio_cad-ti_fisc_18-2026_prefeitura campos dos goytaca_333_2026_assinado_03022026020503.pdf;6e4b7e6e46e8908922c65922a3922498a98a69fbd94d413c9e6faa57b201ea71
oficio_apresentacao;;99-Gestao/01-Oficios_Apresentacao/prefeituras/oficio_cad-ti_fisc_18-2026_prefeitura casimiro de abreu_334_2026_assinado_03022026020504.pdf;ebdef614e2abca39d9cd0387b8a061165784dbf0b9ae553523ab8d8d7731b439
oficio_apresentacao;;99-Gestao/01-Oficios_Apresentacao/prefeituras/oficio_cad-ti_fisc_18-2026_prefeitura duque de caxias_335_2026_assinado_03022026020505.pdf;3690f0c14a85cd70c95b02478840caba0e300b7e037927360c1126af8ceff369
oficio_apresentacao;;99-Gestao/01-Oficios_Apresentacao/prefeituras/oficio_cad-ti_fisc_18-2026_prefeitura guapimirim_336_2026_assinado_03022026020505.pdf;9287abf1a82eabc1e56049ff522f7bf82a70b88d7519d76d4a0c969ffb756198
oficio_apresentacao;;99-Gestao/01-Oficios_Apresentacao/prefeituras/oficio_cad-ti_fisc_18-2026_prefeitura itaguai_337_2026_assinado_03022026020506.pdf;36c4578542e6edb55a0c61651bc3e6fe101d04316cdc3507ba345eb2cedfd2bf
oficio_apresentacao;;99-Gestao/01-Oficios_Apresentacao/prefeituras/oficio_cad-ti_fisc_18-2026_prefeitura japeri_338_2026_assinado_03022026020506.pdf;938e6359c90844695a2567e9d9568835d1244f85d440d6ed30bab69e9755d06a
oficio_apresentacao;;99-Gestao/01-Oficios_Apresentacao/prefeituras/oficio_cad-ti_fisc_18-2026_prefeitura macae_339_2026_assinado_03022026020507.pdf;66d3f881163678bb966a55da3dd2f535a73607b8d68f81974121e738b5a847dd
oficio_apresentacao;;99-Gestao/01-Oficios_Apresentacao/prefeituras/oficio_cad-ti_fisc_18-2026_prefeitura mage_340_2026_assinado_03022026020507.pdf;cf1f2f3eac22f9d937fb9754f4a0bd8c694603faa4eaf8aec4bd7d9ca8ffc304
oficio_apresentacao;;99-Gestao/01-Oficios_Apresentacao/prefeituras/oficio_cad-ti_fisc_18-2026_prefeitura marica_341_2026_assinado_03022026020508.pdf;ef0ef862946c9b0535a94178ba0146bbc669e334cd2ef4ec5134a799760617ef
oficio_apresentacao;;99-Gestao/01-Oficios_Apresentacao/prefeituras/oficio_cad-ti_fisc_18-2026_prefeitura mesquita_342_2026_assinado_03022026020508.pdf;f92be7da42deddd1ba2427bd745f786f9dfaba6f826446ce46de79fad857df5e
oficio_apresentacao;;99-Gestao/01-Oficios_Apresentacao/prefeituras/oficio_cad-ti_fisc_18-2026_prefeitura niteroi_343_2026_assinado_03022026020509.pdf;0bf2c157e347e39621713e56e60cbd63f210285be1ea4079b06280fbfead1f3e
oficio_apresentacao;;99-Gestao/01-Oficios_Apresentacao/prefeituras/oficio_cad-ti_fisc_18-2026_prefeitura nova friburgo_344_2026_assinado_03022026020509.pdf;77202ec716928b8494121efb13be72822206ee59e193d145f90d1f296d430d8e
oficio_apresentacao;;99-Gestao/01-Oficios_Apresentacao/prefeituras/oficio_cad-ti_fisc_18-2026_prefeitura nova iguacu_345_2026_assinado_03022026020510.pdf;bb3fa94b11f768d3f4cb3d0ea6eb994b5ef88212d8998d1844b9d81e491f8063
oficio_apresentacao;;99-Gestao/01-Oficios_Apresentacao/prefeituras/oficio_cad-ti_fisc_18-2026_prefeitura paraty_346_2026_assinado_03022026020510.pdf;869301236f7d7bef9e3e7c91f4e81d5567b440ef137574af400f78c44ae5a8b2
oficio_apresentacao;;99-Gestao/01-Oficios_Apresentacao/prefeituras/oficio_cad-ti_fisc_18-2026_prefeitura petropolis_347_2026_assinado_03022026020511.pdf;f774dbcb96b7e6103962ba7924683e29dfd5c5a196818c5f47411648c0b399f8
oficio_apresentacao;;99-Gestao/01-Oficios_Apresentacao/prefeituras/oficio_cad-ti_fisc_18-2026_prefeitura porto real_348_2026_assinado_03022026020511.pdf;2df528f061c53ff706ca39c3f0551eb6a81936cb51d0a8aff4cc7c58a4ad5d85
oficio_apresentacao;;99-Gestao/01-Oficios_Apresentacao/prefeituras/oficio_cad-ti_fisc_18-2026_prefeitura quatis_349_2026_assinado_03022026020512.pdf;b7d80256304b632b57aee0c9732cbfa386b28bfd13f0cdf0bc84cc8abac80e2b
oficio_apresentacao;;99-Gestao/01-Oficios_Apresentacao/prefeituras/oficio_cad-ti_fisc_18-2026_prefeitura queimados_350_2026_assinado_03022026020512.pdf;0d3d0365c1536073ec21c875de2d59c83d5a4163d5bfa025f3c12f22c2089115
oficio_apresentacao;;99-Gestao/01-Oficios_Apresentacao/prefeituras/oficio_cad-ti_fisc_18-2026_prefeitura quissama_351_2026_assinado_03022026020513.pdf;1bfe45a2c9be2126c4371bedd48217859b4632d585e2ddd44c0978bc7a5b54ec
oficio_apresentacao;;99-Gestao/01-Oficios_Apresentacao/prefeituras/oficio_cad-ti_fisc_18-2026_prefeitura rio das ostras_352_2026_assinado_03022026020514.pdf;cf1eec40891ba80fb8870829d436a8aa0ea37c1dfb6118cc2b4f8f973145c4be
oficio_apresentacao;;99-Gestao/01-Oficios_Apresentacao/prefeituras/oficio_cad-ti_fisc_18-2026_prefeitura sao goncalo_358_2026_assinado_03022026020514.pdf;fbe462f50686903cc833d7e4ac6354d6c40de800ae822acc40c30b711803077d
oficio_apresentacao;;99-Gestao/01-Oficios_Apresentacao/prefeituras/oficio_cad-ti_fisc_18-2026_prefeitura sao joao da barra_353_2026_assinado_03022026020515.pdf;2ac3323ace0da6f50ef8042ed41f6d84e11df1c966fea191e42632f77b27659e
oficio_apresentacao;;99-Gestao/01-Oficios_Apresentacao/prefeituras/oficio_cad-ti_fisc_18-2026_prefeitura sao joao de meriti_354_2026_assinado_03022026020515.pdf;0d2f73a7842fd97b3ce809ba58744c68d50dc8173d8ab11c5a58b4dc6d61cce7
oficio_apresentacao;;99-Gestao/01-Oficios_Apresentacao/prefeituras/oficio_cad-ti_fisc_18-2026_prefeitura sao pedro da aldeia_355_2026_assinado_03022026020516.pdf;e336fa677fba2cd88042c797cf86ef37ddf8c1cd060cf27213210c604f57045f
oficio_apresentacao;;99-Gestao/01-Oficios_Apresentacao/prefeituras/oficio_cad-ti_fisc_18-2026_prefeitura saquarema_356_2026_assinado_03022026020516.pdf;d801f4ccc8613cf6f9cb4315ff9782db80220445cf93f09cda043e2ec4361797
oficio_apresentacao;;99-Gestao/01-Oficios_Apresentacao/prefeituras/oficio_cad-ti_fisc_18-2026_prefeitura seropedica_357_2026_assinado_03022026020517.pdf;2ad069113bdf3f75904a20a834981a0e8a8f4241762856b5381834f0eedcae29
oficio_apresentacao;;99-Gestao/01-Oficios_Apresentacao/prefeituras/oficio_cad-ti_fisc_18-2026_prefeitura teresopolis_359_2026_assinado_03022026020517.pdf;b833229626c7c8c9f11c8cafaedaed055c3f92b8d0a9de01f155942242289e43
oficio_apresentacao;;99-Gestao/01-Oficios_Apresentacao/prefeituras/oficio_cad-ti_fisc_18-2026_prefeitura volta redonda_360_2026_assinado_03022026020518.pdf;f46d942fda06767afa52273b3be4a22bf79813e4ec61d1f93f6fdf38aa787aec
oficio_apresentacao;;99-Gestao/01-Oficios_Apresentacao/Presidente de Órgão/oficio_cad-ti_fisc_18-2026_agetransp - agencia reg serv _279_2026_assinado_03022026020435.pdf;cdd0f2b7ac02903407fcad0dfd25652acd0dc9514ea4cc5b7416edf742bbf758
oficio_apresentacao;;99-Gestao/01-Oficios_Apresentacao/Presidente de Órgão/oficio_cad-ti_fisc_18-2026_cecierj - fundacao centro cie_283_2026_assinado_03022026020437.pdf;bb3c2d7efc5baf41c5a9228ad3883a54cf1553aec733e49a2e5f7abf33b83555
oficio_apresentacao;;99-Gestao/01-Oficios_Apresentacao/Presidente de Órgão/oficio_cad-ti_fisc_18-2026_ceperj-fund est est pesq form_287_2026_assinado_03022026020440.pdf;f0d05ad5d7a9c381f6567553db5992b43c594a2977f0dc0be4244454d824c294
oficio_apresentacao;;99-Gestao/01-Oficios_Apresentacao/Presidente de Órgão/oficio_cad-ti_fisc_18-2026_der_rj-fund depart estradas d_292_2026_assinado_03022026020442.pdf;495fed55e91ee4495e7d27da24a28c8623c43b20ee87b6f754d4c901713e16a5
oficio_apresentacao;;99-Gestao/01-Oficios_Apresentacao/Presidente de Órgão/oficio_cad-ti_fisc_18-2026_detran-departamento de transi_293_2026_assinado_03022026020443.pdf;03fbe3a7b2f333d4c5b27ece7aa6b859823ca79e43733784d1d57790a4d4e714
oficio_apresentacao;;99-Gestao/01-Oficios_Apresentacao/Presidente de Órgão/oficio_cad-ti_fisc_18-2026_detro-dep. de transportes rod_294_2026_assinado_03022026020443.pdf;f991172705c7b4454c64755467013403426f4f557cddb4e525a5bc80effb0895
oficio_apresentacao;;99-Gestao/01-Oficios_Apresentacao/Presidente de Órgão/oficio_cad-ti_fisc_18-2026_drm-departamento recursos min_296_2026_assinado_03022026020444.pdf;17b00f0cd36d8b3cfea62e3896995137a3309f7f02b5d2991eb5c7388601689d
oficio_apresentacao;;99-Gestao/01-Oficios_Apresentacao/Presidente de Órgão/oficio_cad-ti_fisc_18-2026_faetec-fundacao apoio escola _299_2026_assinado_03022026020446.pdf;bf128d12d945844192a939ca45a240341a80ff516dd9aee4f0fa62eb4cbee700
oficio_apresentacao;;99-Gestao/01-Oficios_Apresentacao/Presidente de Órgão/oficio_cad-ti_fisc_18-2026_faperj-fundacao carlos chagas_300_2026_assinado_03022026020446.pdf;121a17c6986b192c1ba11ebb1139f7b9cd225531b5aac891a3a0d64e54a605bb
oficio_apresentacao;;99-Gestao/01-Oficios_Apresentacao/Presidente de Órgão/oficio_cad-ti_fisc_18-2026_fcfb-fundacao casa franca bra_301_2026_assinado_03022026020447.pdf;557d10801a42d0e44aff33f671c6a90d465b380aec27ee1fe88a47e1023898a6
oficio_apresentacao;;99-Gestao/01-Oficios_Apresentacao/Presidente de Órgão/oficio_cad-ti_fisc_18-2026_flxiii-fundacao leao xiii_304_2026_assinado_03022026020448.pdf;23073a2ac52dc8660d7e067df38226167e299718bca957ee4fdeb1ff8d72fec5
oficio_apresentacao;;99-Gestao/01-Oficios_Apresentacao/Presidente de Órgão/oficio_cad-ti_fisc_18-2026_fmis - fundacao museu da imag_305_2026_assinado_03022026020449.pdf;8e8219d4566fb93ef913a40656ae73d45070d6fec27f06001c1aeb634b84c46a
oficio_apresentacao;;99-Gestao/01-Oficios_Apresentacao/Presidente de Órgão/oficio_cad-ti_fisc_18-2026_ftm-fundacao teatro municipal_308_2026_assinado_03022026020450.pdf;4f204b6261fb5de074beee1bd916ad8ed51d80ca28710152256d0f4d5a9b52d6
oficio_apresentacao;;99-Gestao/01-Oficios_Apresentacao/Presidente de Órgão/oficio_cad-ti_fisc_18-2026_funarj-fundac anita mantuano _309_2026_assinado_03022026020451.pdf;9339f1b10612f898cf739de6375d820d64fedcdcf7eadb5388610bc6d321155d
oficio_apresentacao;;99-Gestao/01-Oficios_Apresentacao/Presidente de Órgão/oficio_cad-ti_fisc_18-2026_iaserj-instit assist dos serv_311_2026_assinado_03022026020452.pdf;0e7ebe159adc46c5db120a56c0cd1745a9661cfcd1949fb7cfe5183b3f896c98
oficio_apresentacao;;99-Gestao/01-Oficios_Apresentacao/Presidente de Órgão/oficio_cad-ti_fisc_18-2026_ieea-inst est engenharia e ar_312_2026_assinado_03022026020452.pdf;5a4b6fd351d2004ad6423c7a7af95041288fd827cdcea940d97dc3d8e45751d2
oficio_apresentacao;;99-Gestao/01-Oficios_Apresentacao/Presidente de Órgão/oficio_cad-ti_fisc_18-2026_inea - instituto estadual do _313_2026_assinado_03022026020453.pdf;2cb49cf264c494825c1094b733dd455eb12ce38dd3f6816052755884ecc67f68
oficio_apresentacao;;99-Gestao/01-Oficios_Apresentacao/Presidente de Órgão/oficio_cad-ti_fisc_18-2026_instituto rio metropole_315_2026_assinado_03022026020454.pdf;58d243f6e7fe945ed05d7760e77ff000c1ca2f85dde6841e6e53bcbd2d6cf641
oficio_apresentacao;;99-Gestao/01-Oficios_Apresentacao/Presidente de Órgão/oficio_cad-ti_fisc_18-2026_ipem-inst pesos medidas rj_317_2026_assinado_03022026020455.pdf;8adbc02c18a954615a3011fab1a43ecaaac3dde7e3c12ce9c805f74cdf7578db
oficio_apresentacao;;99-Gestao/01-Oficios_Apresentacao/Presidente de Órgão/oficio_cad-ti_fisc_18-2026_iterj-inst terras e cartograf_319_2026_assinado_03022026020456.pdf;967c71cdf762b4b290ec1a9fdcb13796ec6958bfd5f45ea1f3271d0f44c8f15b
oficio_apresentacao;;99-Gestao/01-Oficios_Apresentacao/Presidente de Órgão/oficio_cad-ti_fisc_18-2026_jucerja-junta comercial do es_321_2026_assinado_03022026020457.pdf;03598d496668ee3148bf17b6ee6af6a00820ba8afb7b285bf8180eb6145a67f9
oficio_apresentacao;;99-Gestao/01-Oficios_Apresentacao/Presidente de Órgão/oficio_cad-ti_fisc_18-2026_loterj-loteria do estado do rj_322_2026_assinado_03022026020458.pdf;da9791b668fccd4d7d401f4d429b3ccc6440c5702c2e45c6615e745f9afaeef7
oficio_apresentacao;;99-Gestao/01-Oficios_Apresentacao/Presidente de Órgão/oficio_cad-ti_fisc_18-2026_pesagro-emp pesquisas agropec_324_2026_assinado_03022026020459.pdf;80b287ef78070b3cbe067d5ded16092c5c0219e891214eb9309fef27a7a7035e
oficio_apresentacao;;99-Gestao/01-Oficios_Apresentacao/Presidente de Órgão/oficio_cad-ti_fisc_18-2026_proderj - centro tecn da inf _362_2026_assinado_03022026020519.pdf;caebfa98b0b96520fed87c76b2aa86f64120d910b02acde7ec5a75d3a2445a02
oficio_apresentacao;;99-Gestao/01-Oficios_Apresentacao/Presidente de Órgão/oficio_cad-ti_fisc_18-2026_riotrilhos - companhia transp_364_2026_assinado_03022026020520.pdf;8d38cb9eee8cb5b62ea92c1c69d045b6ab460751daae98f255ce3872576af33d
oficio_apresentacao;;99-Gestao/01-Oficios_Apresentacao/Presidente de Órgão/oficio_cad-ti_fisc_18-2026_turisrio - cia turismo do est_399_2026_assinado_03022026020538.pdf;217f22e46e101d9a078fb1ebed561f73d95384ed1868a8679b64d1f93d383014
oficio_apresentacao;;99-Gestao/01-Oficios_Apresentacao/Presidentes/oficio_cad-ti_fisc_18-2026_agerio- agencia estadual de f_278_2026_assinado_03022026020435.pdf;9550ba7bbffa1b7a0834f8f3a13b479b066014bcb7133485d47b35c7578b78f9
oficio_apresentacao;;99-Gestao/01-Oficios_Apresentacao/Presidentes/oficio_CAD-TI_fisc_18-2026_RIOPREVIDENCIA - FUNDO DE PRE_363_2026_assinado_03022026020519.pdf;cccf4f9e238f0d9fff86dac9fbaf5a17bc1a21f7a98e7196bbf4b3aa917dd716
oficio_apresentacao;;99-Gestao/01-Oficios_Apresentacao/Presidentes/oficio_cad-ti_fisc_18-2026_suderj-superint desportos est_396_2026_assinado_03022026020537.pdf;938ff1e69f86964d20c40139aa8be384194ab339087dbdacb7a2ef1a845c00e2
oficio_apresentacao;;99-Gestao/01-Oficios_Apresentacao/Secretarias Estaduais/oficio_cad-ti_fisc_18-2026_gabinete de seguranca institu_310_2026_assinado_03022026020451.pdf;aeaf136ee9a450a85a9c717505b137d821d3e20eaf0eddfae1ce11258496aa59
oficio_apresentacao;;99-Gestao/01-Oficios_Apresentacao/Secretarias Estaduais/oficio_cad-ti_fisc_18-2026_sec est administracao peniten_366_2026_assinado_03022026020521.pdf;7913e3823af5a9e98f996a64f0a1d55531151fd5b97df5eeffa82674e28ba779
oficio_apresentacao;;99-Gestao/01-Oficios_Apresentacao/Secretarias Estaduais/oficio_cad-ti_fisc_18-2026_sec est agricultura e pecuaria_367_2026_assinado_03022026020521.pdf;8eb41979046fa35a327f15c12921608ffdd5efd16cb9999f4bbe1ca46eaacde0
oficio_apresentacao;;99-Gestao/01-Oficios_Apresentacao/Secretarias Estaduais/oficio_CAD-TI_fisc_18-2026_SEC EST ASSIST SOC DIREITOS H_368_2026_assinado_03022026020522.pdf;df37cf9c5c27f94e7b0179a48f038dad356323316d47926f790ddce87447ad06
oficio_apresentacao;;99-Gestao/01-Oficios_Apresentacao/Secretarias Estaduais/oficio_cad-ti_fisc_18-2026_sec est ciencia, tecnologia, _369_2026_assinado_03022026020523.pdf;8be67674aafc457e1859b29bf69aa2c136dbbbc108a59f59e851399b15512fea
oficio_apresentacao;;99-Gestao/01-Oficios_Apresentacao/Secretarias Estaduais/oficio_cad-ti_fisc_18-2026_sec est cultura e economia cr_370_2026_assinado_03022026020523.pdf;49a2cc4503ea56386e8429d4d86a9c8d1eeeb67e0d5192ce72265b04e05e9835
oficio_apresentacao;;99-Gestao/01-Oficios_Apresentacao/Secretarias Estaduais/oficio_cad-ti_fisc_18-2026_sec est da casa civil_371_2026_assinado_03022026020524.pdf;c58e0f2df65edbf1dd1f0a83326e3aa86a116ab1a07e9818f1c25f8beafdc644
oficio_apresentacao;;99-Gestao/01-Oficios_Apresentacao/Secretarias Estaduais/oficio_cad-ti_fisc_18-2026_sec est das cidades_372_2026_assinado_03022026020524.pdf;65fa4cfe4523e36dd835b676d67ec7f7a9b1f3e2d0354df3f6410f54eb78c746
oficio_apresentacao;;99-Gestao/01-Oficios_Apresentacao/Secretarias Estaduais/oficio_cad-ti_fisc_18-2026_sec est defesa civil_373_2026_assinado_03022026020525.pdf;13269be8543d802aa3d6a2f1de96e57ef976dfb1fa746e2979f3074614d984fb
oficio_apresentacao;;99-Gestao/01-Oficios_Apresentacao/Secretarias Estaduais/oficio_cad-ti_fisc_18-2026_sec est defesa do consumidor_374_2026_assinado_03022026020525.pdf;acc519ce99912732cea382cf8d4d866e9aeed97e811a4724974590edbc091327
oficio_apresentacao;;99-Gestao/01-Oficios_Apresentacao/Secretarias Estaduais/oficio_cad-ti_fisc_18-2026_sec est desenv econ ind com e_375_2026_assinado_03022026020526.pdf;74d8fa8f64dfd6640b4f06e25a35b58b2ff596cba1b97c65c608836fcd5c948f
oficio_apresentacao;;99-Gestao/01-Oficios_Apresentacao/Secretarias Estaduais/oficio_cad-ti_fisc_18-2026_sec est desenv social e direi_376_2026_assinado_03022026020526.pdf;cfdffd42feea88b812a59d2ac0f6393dd8d46c27c1672f9d21c0a1bc6c020f3d
oficio_apresentacao;;99-Gestao/01-Oficios_Apresentacao/Secretarias Estaduais/oficio_cad-ti_fisc_18-2026_sec est educacao_377_2026_assinado_03022026020527.pdf;d3f27527ac0d454f37bdd3bdf00d36f079b94f7c33127c6c40cb3834a09edec0
oficio_apresentacao;;99-Gestao/01-Oficios_Apresentacao/Secretarias Estaduais/oficio_cad-ti_fisc_18-2026_sec est energia econ do mar_378_2026_assinado_03022026020527.pdf;9ec7a8bbae95b45df39b14d3417f469d27dc5721a77f67d51ec92671dd8b0cd1
oficio_apresentacao;;99-Gestao/01-Oficios_Apresentacao/Secretarias Estaduais/oficio_cad-ti_fisc_18-2026_sec est envelhecimento saudav_379_2026_assinado_03022026020528.pdf;cdcf87ba69234e85aa15a89fd21648a577e488df329097f8dc72b8436f400b5c
oficio_apresentacao;;99-Gestao/01-Oficios_Apresentacao/Secretarias Estaduais/oficio_cad-ti_fisc_18-2026_sec est esporte, lazer, juven_380_2026_assinado_03022026020528.pdf;340537251dac5f0c78f571ab32fb8bc0b0e3f9e8d52b9addada4cd2b0a8fb2c2
oficio_apresentacao;;99-Gestao/01-Oficios_Apresentacao/Secretarias Estaduais/oficio_cad-ti_fisc_18-2026_sec est fazenda_381_2026_assinado_03022026020529.pdf;daff3ef8a81ed9f1269e967c4c47403a0b6b103b81538047ce8b1ffdc3a7e856
oficio_apresentacao;;99-Gestao/01-Oficios_Apresentacao/Secretarias Estaduais/oficio_cad-ti_fisc_18-2026_sec est gab governador_382_2026_assinado_03022026020529.pdf;bb33ac354bbb3b1356dd9de1add5a824995deb035693d1e1ecff86df08d4a2f4
oficio_apresentacao;;99-Gestao/01-Oficios_Apresentacao/Secretarias Estaduais/oficio_cad-ti_fisc_18-2026_sec est governo_383_2026_assinado_03022026020530.pdf;f0dfb11e23e56714a574bca1adf3bec74903e9b3ba01b1ce857c5aac1de00f22
oficio_apresentacao;;99-Gestao/01-Oficios_Apresentacao/Secretarias Estaduais/oficio_cad-ti_fisc_18-2026_sec est habitacao interesse s_384_2026_assinado_03022026020531.pdf;5c35edea4c1635718bb013ccd32752d9c9f1a2d394daa9b04babc905afd6bb2b
oficio_apresentacao;;99-Gestao/01-Oficios_Apresentacao/Secretarias Estaduais/oficio_cad-ti_fisc_18-2026_sec est infra e obras publicas_385_2026_assinado_03022026020531.pdf;c0e7bb414f1d69596669c4e6898326a13966656aa0579f62bb93a610c1b7f1a2
oficio_apresentacao;;99-Gestao/01-Oficios_Apresentacao/Secretarias Estaduais/oficio_cad-ti_fisc_18-2026_sec est planejamento e gestao_386_2026_assinado_03022026020532.pdf;9e9882c70da2bd17d8454126eccfa273abbbe6cbebf0d583d5a625b8588ab2ff
oficio_apresentacao;;99-Gestao/01-Oficios_Apresentacao/Secretarias Estaduais/oficio_cad-ti_fisc_18-2026_sec est policia civil_387_2026_assinado_03022026020532.pdf;fe6e27507be301b50e73e94cddecf6f1eae43a54c45a5012ddd3003affa68575
oficio_apresentacao;;99-Gestao/01-Oficios_Apresentacao/Secretarias Estaduais/oficio_cad-ti_fisc_18-2026_sec est policia militar_388_2026_assinado_03022026020533.pdf;586d575f634b8ba74ddbe73c22b8cc9a7e7c99c277bba0eb393a44d969f6c0fb
oficio_apresentacao;;99-Gestao/01-Oficios_Apresentacao/Secretarias Estaduais/oficio_cad-ti_fisc_18-2026_sec est saude_389_2026_assinado_03022026020533.pdf;8960b035ab7acd3d439be6f4294f06e12caf4d6d161bafe22b582a6fd8c49b8a
oficio_apresentacao;;99-Gestao/01-Oficios_Apresentacao/Secretarias Estaduais/oficio_CAD-TI_fisc_18-2026_SEC EST SEGURANCA_390_2026_assinado_03022026020534.pdf;e7282629c341a50e18eaa0ea6b4f630ab877e58ef062414bf73422d06fe804f6
oficio_apresentacao;;99-Gestao/01-Oficios_Apresentacao/Secretarias Estaduais/oficio_CAD-TI_fisc_18-2026_SEC EST TRABALHO E RENDA_391_2026_assinado_03022026020534.pdf;c93de10d776811edee6dd769bba8c1090768f2d198c0be242943229da50f1be8
oficio_apresentacao;;99-Gestao/01-Oficios_Apresentacao/Secretarias Estaduais/oficio_cad-ti_fisc_18-2026_sec est transformacao digital_392_2026_assinado_03022026020535.pdf;584b699d5b66c4caca175aa9461368e53c822810f225fd33322649ab35c2b97a
oficio_apresentacao;;99-Gestao/01-Oficios_Apresentacao/Secretarias Estaduais/oficio_cad-ti_fisc_18-2026_sec est transportes_393_2026_assinado_03022026020535.pdf;f1621697f2f13c30afe3d40381ce5041f07ac4df7a05a9483fe2eb4818570997
oficio_apresentacao;;99-Gestao/01-Oficios_Apresentacao/Secretarias Estaduais/oficio_cad-ti_fisc_18-2026_sec est turismo_394_2026_assinado_03022026020536.pdf;4a5f07b34886c69895784342659a453b61c9a5d9006ae3fe95e3976a1a7aa9db
oficio_apresentacao;;99-Gestao/01-Oficios_Apresentacao/Secretarias Estaduais/oficio_CAD-TI_fisc_18-2026_SEC EXTRAORDINARIA REP GOV BR_395_2026_assinado_03022026020536.pdf;a8186ee6481f7f2b13fa09cddd7ddd7c4a906786f9081e0958f262264a83c90b
TSID01;AGENERSA;99-Gestao/02-TSIDs/AGENERSA/TSID01/TSID01 - Estado.docx;3cf1794981467f86dddf92bb383597842da809863327c07bd17f633d26053e20
TSID02;AGENERSA;99-Gestao/02-TSIDs/AGENERSA/TSID02/TSID02 - AGENERSA.pdf;1e52d3672e00e688be6ca2c83718302af52b4987f71e246b893a07e4572c0e96
TSID02;AGENERSA;99-Gestao/02-TSIDs/AGENERSA/TSID02/ANEXO I - QUESTIONARIO.pdf;ce1a6afceb91cf4d888ba58beaba31ccee10316ade743bbd4f2c2709cdbddb47
TSID02;AGENERSA;99-Gestao/02-TSIDs/AGENERSA/TSID02/ANEXO II - GLOSSARIO.xlsx;a76be3e0156ace2669fa057be463e079e2160f4b3baaaa70c735277137d36dcd
TSID03;AGENERSA;99-Gestao/02-TSIDs/AGENERSA/TSID03/TSID03 - AGENERSA.pdf;06b17b3df04b589b065f699c0c80f301d6338e50ed9cd7b28cbd035f8c4a4749
TSID03;AGENERSA;99-Gestao/02-TSIDs/AGENERSA/TSID03/Comentarios do Gestor - AGENERSA.pdf;f84190731b3d24a98d0b599ff0114c6e699ad11637032cffffe6c3d4fd235400
TSID03;AGENERSA;99-Gestao/02-TSIDs/AGENERSA/TSID03/Relatório Individual Preliminar - AGENERSA.pdf;d132563fffd4379e3202567cd0c5789c22d82c099f677a57c7685663fc3177f6
TSID01;AGERIO;99-Gestao/02-TSIDs/AGERIO/TSID01/TSID01 - Estado.docx;3cf1794981467f86dddf92bb383597842da809863327c07bd17f633d26053e20
TSID02;AGERIO;99-Gestao/02-TSIDs/AGERIO/TSID02/TSID02 - AGERIO.pdf;172c793ee75b4f90160c3bb510d6d04731b619c0ca0e2717a0dbcfd6b8890f15
TSID02;AGERIO;99-Gestao/02-TSIDs/AGERIO/TSID02/ANEXO I - QUESTIONARIO.pdf;ce1a6afceb91cf4d888ba58beaba31ccee10316ade743bbd4f2c2709cdbddb47
TSID02;AGERIO;99-Gestao/02-TSIDs/AGERIO/TSID02/ANEXO II - GLOSSARIO.xlsx;a76be3e0156ace2669fa057be463e079e2160f4b3baaaa70c735277137d36dcd
TSID03;AGERIO;99-Gestao/02-TSIDs/AGERIO/TSID03/TSID03 - AGERIO.pdf;7172478cd6f494305da599afc8a1e847e230da026fec0471a8918bf8ffa011e4
TSID03;AGERIO;99-Gestao/02-TSIDs/AGERIO/TSID03/Comentarios do Gestor - AGERIO.pdf;ce96d36857b71cc8dd0b8c97d6cbe59c790f1b27d7d4d038bdc5575035d7f6aa
TSID03;AGERIO;99-Gestao/02-TSIDs/AGERIO/TSID03/Relatório Individual Preliminar - AGERIO.pdf;48426125f772b916d8cce1fcb9de1958fe38a021d9a8452fbd89def13c0df9a3
TSID01;AGETRANSP;99-Gestao/02-TSIDs/AGETRANSP/TSID01/TSID01 - Estado.docx;3cf1794981467f86dddf92bb383597842da809863327c07bd17f633d26053e20
TSID02;AGETRANSP;99-Gestao/02-TSIDs/AGETRANSP/TSID02/TSID02 - AGETRANSP.pdf;f4442713c8df3d9e0107254363c2017aea290edfa3582029eab0ce98b4b6e55a
TSID02;AGETRANSP;99-Gestao/02-TSIDs/AGETRANSP/TSID02/ANEXO I - QUESTIONARIO.pdf;ce1a6afceb91cf4d888ba58beaba31ccee10316ade743bbd4f2c2709cdbddb47
TSID02;AGETRANSP;99-Gestao/02-TSIDs/AGETRANSP/TSID02/ANEXO II - GLOSSARIO.xlsx;a76be3e0156ace2669fa057be463e079e2160f4b3baaaa70c735277137d36dcd
TSID03;AGETRANSP;99-Gestao/02-TSIDs/AGETRANSP/TSID03/TSID03 - AGETRANSP.pdf;a0262ced46ea7bc241782c405611db38ffc2e68a54e69a1bf8e85804ab27fd2d
TSID03;AGETRANSP;99-Gestao/02-TSIDs/AGETRANSP/TSID03/Comentarios do Gestor - AGETRANSP.pdf;0752852ccaac58d6651741ad00fecd5ecee4c815df2c6bb885fe8040d42e29ce
TSID03;AGETRANSP;99-Gestao/02-TSIDs/AGETRANSP/TSID03/Relatório Individual Preliminar - AGETRANSP.pdf;83c068ac5f0f1840278221ceb482c5e8dd96b4caa1ae73038ea36a9d695ea55e
TSID01;ALERJ;99-Gestao/02-TSIDs/ALERJ/TSID01/TSID01 - Estado.docx;3cf1794981467f86dddf92bb383597842da809863327c07bd17f633d26053e20
TSID02;ALERJ;99-Gestao/02-TSIDs/ALERJ/TSID02/TSID02 - ALERJ.pdf;9854bf079aff419c597707b355f43438e4f61ed826063d3f734be0e0122b73c7
TSID02;ALERJ;99-Gestao/02-TSIDs/ALERJ/TSID02/ANEXO I - QUESTIONARIO.pdf;ce1a6afceb91cf4d888ba58beaba31ccee10316ade743bbd4f2c2709cdbddb47
TSID02;ALERJ;99-Gestao/02-TSIDs/ALERJ/TSID02/ANEXO II - GLOSSARIO.xlsx;a76be3e0156ace2669fa057be463e079e2160f4b3baaaa70c735277137d36dcd
TSID03;ALERJ;99-Gestao/02-TSIDs/ALERJ/TSID03/TSID03 - ALERJ.pdf;63d8d0f70a5a44775ce937fcc7d9ba87fb59a822a8ddd8f596a9a70115e98e6d
TSID03;ALERJ;99-Gestao/02-TSIDs/ALERJ/TSID03/Comentarios do Gestor - ALERJ.pdf;c2cdf136f2a7bdf30f58d1d5a3d592e69a5f7f9762164ab196dedbe507c31f5c
TSID03;ALERJ;99-Gestao/02-TSIDs/ALERJ/TSID03/Relatório Individual Preliminar - ALERJ.pdf;d84e7a4e7730d77a455f60a54a1b80cd689df5cf147e1bd8edd7622d91a24bed
TSID01;CEASA;99-Gestao/02-TSIDs/CEASA/TSID01/TSID01 - Estado.docx;3cf1794981467f86dddf92bb383597842da809863327c07bd17f633d26053e20
TSID02;CEASA;99-Gestao/02-TSIDs/CEASA/TSID02/TSID02 - CEASA.pdf;30df463e84e2044cc1bc976d32b08e889fccf5ca32b852d0b2e17ae3e4deb04c
TSID02;CEASA;99-Gestao/02-TSIDs/CEASA/TSID02/ANEXO I - QUESTIONARIO.pdf;ce1a6afceb91cf4d888ba58beaba31ccee10316ade743bbd4f2c2709cdbddb47
TSID02;CEASA;99-Gestao/02-TSIDs/CEASA/TSID02/ANEXO II - GLOSSARIO.xlsx;a76be3e0156ace2669fa057be463e079e2160f4b3baaaa70c735277137d36dcd
TSID03;CEASA;99-Gestao/02-TSIDs/CEASA/TSID03/TSID03 - CEASA.pdf;2f1bf5d88c46694e331b22c10017859bbe2a3408c9eed6b52b5778902271f257
TSID03;CEASA;99-Gestao/02-TSIDs/CEASA/TSID03/Comentarios do Gestor - CEASA.pdf;00274958bb0dee9d0b7e5739bba16526d991acc2f4814d324d2170df2fc61d3a
TSID03;CEASA;99-Gestao/02-TSIDs/CEASA/TSID03/Relatório Individual Preliminar - CEASA.pdf;10468b2d47d7f4f7d9e4a4d204476a455ea50fb7ef12c3c230aa7b143d284dc9
TSID01;CECIERJ;99-Gestao/02-TSIDs/CECIERJ/TSID01/TSID01 - Estado.docx;3cf1794981467f86dddf92bb383597842da809863327c07bd17f633d26053e20
TSID02;CECIERJ;99-Gestao/02-TSIDs/CECIERJ/TSID02/TSID02 - CECIERJ.pdf;7fd917e7788baa069639193e4b45244cba1c075918a0b18966f7e76960fc6013
TSID02;CECIERJ;99-Gestao/02-TSIDs/CECIERJ/TSID02/ANEXO I - QUESTIONARIO.pdf;ce1a6afceb91cf4d888ba58beaba31ccee10316ade743bbd4f2c2709cdbddb47
TSID02;CECIERJ;99-Gestao/02-TSIDs/CECIERJ/TSID02/ANEXO II - GLOSSARIO.xlsx;a76be3e0156ace2669fa057be463e079e2160f4b3baaaa70c735277137d36dcd
TSID03;CECIERJ;99-Gestao/02-TSIDs/CECIERJ/TSID03/TSID03 - CECIERJ.pdf;7d9cfd3c554b65d1239da5689aa649ea001022ab386ca583001981d5289532a4
TSID03;CECIERJ;99-Gestao/02-TSIDs/CECIERJ/TSID03/Comentarios do Gestor - CECIERJ.pdf;18c4f0e9dbd71071568cc813ee49b3a8efd3b2d29b0ee111ae0d71ff4c34b2ec
TSID03;CECIERJ;99-Gestao/02-TSIDs/CECIERJ/TSID03/Relatório Individual Preliminar - CECIERJ.pdf;8be8f59be6d7e77b01dc6568fd906389f98bbc041b79e8c6a4778711b56557d9
TSID01;CEDAE;99-Gestao/02-TSIDs/CEDAE/TSID01/TSID01 - Estado.docx;3cf1794981467f86dddf92bb383597842da809863327c07bd17f633d26053e20
TSID02;CEDAE;99-Gestao/02-TSIDs/CEDAE/TSID02/TSID02 - CEDAE.pdf;1e914ec2bf23a13fa346d1475295c2c009a0a2547c3b2ef9a4073a03f49ec775
TSID02;CEDAE;99-Gestao/02-TSIDs/CEDAE/TSID02/ANEXO I - QUESTIONARIO.pdf;ce1a6afceb91cf4d888ba58beaba31ccee10316ade743bbd4f2c2709cdbddb47
TSID02;CEDAE;99-Gestao/02-TSIDs/CEDAE/TSID02/ANEXO II - GLOSSARIO.xlsx;a76be3e0156ace2669fa057be463e079e2160f4b3baaaa70c735277137d36dcd
TSID03;CEDAE;99-Gestao/02-TSIDs/CEDAE/TSID03/TSID03 - CEDAE.pdf;a8e6e818b62856a2d7a319474d0b455c69d99fcd73c417e3b42f8660733f3ae6
TSID03;CEDAE;99-Gestao/02-TSIDs/CEDAE/TSID03/Comentarios do Gestor - CEDAE.pdf;57b501cce15f2dd93dbc2437e8160bb03d1039ae9f50c4157f0baea26653faf1
TSID03;CEDAE;99-Gestao/02-TSIDs/CEDAE/TSID03/Relatório Individual Preliminar - CEDAE.pdf;cc78b752ab2f317e485475e99813ba6a180875e4b8afc7d2c3cf02941842867e
TSID01;CENTRAL;99-Gestao/02-TSIDs/CENTRAL/TSID01/TSID01 - Estado.docx;3cf1794981467f86dddf92bb383597842da809863327c07bd17f633d26053e20
TSID02;CENTRAL;99-Gestao/02-TSIDs/CENTRAL/TSID02/TSID02 - CENTRAL.pdf;f281cf26c4d20af1aa204a73ca76bd3aad1858f38371775a9eae262e431a7e6c
TSID02;CENTRAL;99-Gestao/02-TSIDs/CENTRAL/TSID02/ANEXO I - QUESTIONARIO.pdf;ce1a6afceb91cf4d888ba58beaba31ccee10316ade743bbd4f2c2709cdbddb47
TSID02;CENTRAL;99-Gestao/02-TSIDs/CENTRAL/TSID02/ANEXO II - GLOSSARIO.xlsx;a76be3e0156ace2669fa057be463e079e2160f4b3baaaa70c735277137d36dcd
TSID03;CENTRAL;99-Gestao/02-TSIDs/CENTRAL/TSID03/TSID03 - CENTRAL.pdf;ed676910c305b83510282720ad6c3a8e3d269413c2d6e97a4b20f47b985e3071
TSID03;CENTRAL;99-Gestao/02-TSIDs/CENTRAL/TSID03/Comentarios do Gestor - CENTRAL.pdf;78ad7a4f3509be68f0958bdd3481a8369311ee9fd017e2d00e0575f7db5d3c64
TSID03;CENTRAL;99-Gestao/02-TSIDs/CENTRAL/TSID03/Relatório Individual Preliminar - CENTRAL.pdf;3db59a2aa7c3822b261758d97b72543fd6e26c543eaf0a7aa62f794ab1895726
TSID01;CEPERJ;99-Gestao/02-TSIDs/CEPERJ/TSID01/TSID01 - Estado.docx;3cf1794981467f86dddf92bb383597842da809863327c07bd17f633d26053e20
TSID02;CEPERJ;99-Gestao/02-TSIDs/CEPERJ/TSID02/TSID02 - CEPERJ.pdf;4532ebe054ec0cdfd4281c3510f3d95a24747a4edc8e57202d6593e5b2c77097
TSID02;CEPERJ;99-Gestao/02-TSIDs/CEPERJ/TSID02/ANEXO I - QUESTIONARIO.pdf;ce1a6afceb91cf4d888ba58beaba31ccee10316ade743bbd4f2c2709cdbddb47
TSID02;CEPERJ;99-Gestao/02-TSIDs/CEPERJ/TSID02/ANEXO II - GLOSSARIO.xlsx;a76be3e0156ace2669fa057be463e079e2160f4b3baaaa70c735277137d36dcd
TSID03;CEPERJ;99-Gestao/02-TSIDs/CEPERJ/TSID03/TSID03 - CEPERJ.pdf;cbd50b9fb25d55862815857878cfdf6e9009d167bf9b975c367adb830680c0b5
TSID03;CEPERJ;99-Gestao/02-TSIDs/CEPERJ/TSID03/Comentarios do Gestor - CEPERJ.pdf;66749668027e41b77a9a70ecafed65dba8342bbac3493fb17ce4853c3553c915
TSID03;CEPERJ;99-Gestao/02-TSIDs/CEPERJ/TSID03/Relatório Individual Preliminar - CEPERJ.pdf;dd7a26c3352fad9b8085788ac01c2d3fda4fd127a791a90ea5b4ac2ebdd595da
TSID01;CGE;99-Gestao/02-TSIDs/CGE/TSID01/TSID01 - Estado.docx;3cf1794981467f86dddf92bb383597842da809863327c07bd17f633d26053e20
TSID02;CGE;99-Gestao/02-TSIDs/CGE/TSID02/TSID02 - CGE.pdf;648b0882a0f57df7a91d351c58fd0a8a69896ceba0cd2628d7adace6c8733eb5
TSID02;CGE;99-Gestao/02-TSIDs/CGE/TSID02/ANEXO I - QUESTIONARIO.pdf;ce1a6afceb91cf4d888ba58beaba31ccee10316ade743bbd4f2c2709cdbddb47
TSID02;CGE;99-Gestao/02-TSIDs/CGE/TSID02/ANEXO II - GLOSSARIO.xlsx;a76be3e0156ace2669fa057be463e079e2160f4b3baaaa70c735277137d36dcd
TSID03;CGE;99-Gestao/02-TSIDs/CGE/TSID03/TSID03 - CGE.pdf;8088c5a96cfc3cb83829a95c5c6b32542c3e6af670c57c77a10f976c3ebca29b
TSID03;CGE;99-Gestao/02-TSIDs/CGE/TSID03/Comentarios do Gestor - CGE.pdf;ac184ba1a55e1bc007e1fd2a5c07fe2025601afe5fe4e7dad362cacde47b9951
TSID03;CGE;99-Gestao/02-TSIDs/CGE/TSID03/Relatório Individual Preliminar - CGE.pdf;2e494c73d3c2f074e5b84be020647d6bc612071f27da2acbd8070a16c8532211
TSID01;CODERTE;99-Gestao/02-TSIDs/CODERTE/TSID01/TSID01 - Estado.docx;3cf1794981467f86dddf92bb383597842da809863327c07bd17f633d26053e20
TSID02;CODERTE;99-Gestao/02-TSIDs/CODERTE/TSID02/TSID02 - CODERTE.pdf;a301be3745170cd59c736fd8d822938e59b6f9883e905b9424101f822688c777
TSID02;CODERTE;99-Gestao/02-TSIDs/CODERTE/TSID02/ANEXO I - QUESTIONARIO.pdf;ce1a6afceb91cf4d888ba58beaba31ccee10316ade743bbd4f2c2709cdbddb47
TSID02;CODERTE;99-Gestao/02-TSIDs/CODERTE/TSID02/ANEXO II - GLOSSARIO.xlsx;a76be3e0156ace2669fa057be463e079e2160f4b3baaaa70c735277137d36dcd
TSID03;CODERTE;99-Gestao/02-TSIDs/CODERTE/TSID03/TSID03 - CODERTE.pdf;d5025bccdf1cffd1fda084845414422195f3ca6f2b07fd488b3445164aa3cadf
TSID03;CODERTE;99-Gestao/02-TSIDs/CODERTE/TSID03/Comentarios do Gestor - CODERTE.pdf;e311d21a79c692d1974f6d7b3205f48af7e431c38c6c4dedee282ad6d0be1183
TSID03;CODERTE;99-Gestao/02-TSIDs/CODERTE/TSID03/Relatório Individual Preliminar - CODERTE.pdf;8b01681afef47c3c2b970e02e3e385dfa5f0d9c862d8945f1d8094412849260e
TSID01;CODIN;99-Gestao/02-TSIDs/CODIN/TSID01/TSID01 - Estado.docx;3cf1794981467f86dddf92bb383597842da809863327c07bd17f633d26053e20
TSID02;CODIN;99-Gestao/02-TSIDs/CODIN/TSID02/TSID02 - CODIN.pdf;78308de2d1c3381fb288f655e8ab7d90d0f2210741a3bdcafa63a501a6d401fd
TSID02;CODIN;99-Gestao/02-TSIDs/CODIN/TSID02/ANEXO I - QUESTIONARIO.pdf;ce1a6afceb91cf4d888ba58beaba31ccee10316ade743bbd4f2c2709cdbddb47
TSID02;CODIN;99-Gestao/02-TSIDs/CODIN/TSID02/ANEXO II - GLOSSARIO.xlsx;a76be3e0156ace2669fa057be463e079e2160f4b3baaaa70c735277137d36dcd
TSID03;CODIN;99-Gestao/02-TSIDs/CODIN/TSID03/TSID03 - CODIN.pdf;0f7387cf3b9db065c2cdc8e9b989fad88b53dd202a642f5f6c1214069a37d4f9
TSID03;CODIN;99-Gestao/02-TSIDs/CODIN/TSID03/Comentarios do Gestor - CODIN.pdf;9deb15d19a98e66d20e5a1d2beaebf477eda4cb86874202293572e088b12c1df
TSID03;CODIN;99-Gestao/02-TSIDs/CODIN/TSID03/Relatório Individual Preliminar - CODIN.pdf;b74483e10d6ebe615486d674ea6bd4d66fbd7239cf07bb3e970fd1466abb48ee
TSID01;DEGASE;99-Gestao/02-TSIDs/DEGASE/TSID01/TSID01 - Estado.docx;3cf1794981467f86dddf92bb383597842da809863327c07bd17f633d26053e20
TSID02;DEGASE;99-Gestao/02-TSIDs/DEGASE/TSID02/TSID02 - DEGASE.pdf;bfb8ec82e653542336c89e049ea0ad1f6ee7c53840553362fba36bd0e01001b1
TSID02;DEGASE;99-Gestao/02-TSIDs/DEGASE/TSID02/ANEXO I - QUESTIONARIO.pdf;ce1a6afceb91cf4d888ba58beaba31ccee10316ade743bbd4f2c2709cdbddb47
TSID02;DEGASE;99-Gestao/02-TSIDs/DEGASE/TSID02/ANEXO II - GLOSSARIO.xlsx;a76be3e0156ace2669fa057be463e079e2160f4b3baaaa70c735277137d36dcd
TSID03;DEGASE;99-Gestao/02-TSIDs/DEGASE/TSID03/TSID03 - DEGASE.pdf;b3b742dd8f991c26d761eab85f40a9fe150e7c8247f0ab6e058f63dcbe2a7d8f
TSID03;DEGASE;99-Gestao/02-TSIDs/DEGASE/TSID03/Comentarios do Gestor - DEGASE.pdf;a9ec11fcfbbbdfd79f165c3f2081b58b3dbbb7a4fc23bc1f17baf6d72c78360a
TSID03;DEGASE;99-Gestao/02-TSIDs/DEGASE/TSID03/Relatório Individual Preliminar - DEGASE.pdf;103a9acb253864ec8cca318feaf6e2c4da1df365a2dd9c4dac2d748074d3d2ea
TSID01;DERRJ;99-Gestao/02-TSIDs/DERRJ/TSID01/TSID01 - Estado.docx;3cf1794981467f86dddf92bb383597842da809863327c07bd17f633d26053e20
TSID02;DERRJ;99-Gestao/02-TSIDs/DERRJ/TSID02/TSID02 - DERRJ.pdf;d4b9d1f91122c68dd767ba1008de00d30b830be90a5e2e3b1302dc6a572c4d34
TSID02;DERRJ;99-Gestao/02-TSIDs/DERRJ/TSID02/ANEXO I - QUESTIONARIO.pdf;ce1a6afceb91cf4d888ba58beaba31ccee10316ade743bbd4f2c2709cdbddb47
TSID02;DERRJ;99-Gestao/02-TSIDs/DERRJ/TSID02/ANEXO II - GLOSSARIO.xlsx;a76be3e0156ace2669fa057be463e079e2160f4b3baaaa70c735277137d36dcd
TSID03;DERRJ;99-Gestao/02-TSIDs/DERRJ/TSID03/TSID03 - DERRJ.pdf;dd0e729a7ac416d681a46e1749bb60861b03b37ea73b0f60cf69fae2c2bcd1d2
TSID03;DERRJ;99-Gestao/02-TSIDs/DERRJ/TSID03/Comentarios do Gestor - DERRJ.pdf;b08859d2e90d9678aef5c6c68f806b5ca916e91785281834e011b3efb2c86f58
TSID03;DERRJ;99-Gestao/02-TSIDs/DERRJ/TSID03/Relatório Individual Preliminar - DERRJ.pdf;d1f259c9c08cba51780b30e08b934e2f6adc4cd7eab9d5018082cb642feee6ab
TSID01;DETRAN;99-Gestao/02-TSIDs/DETRAN/TSID01/TSID01 - Estado.docx;3cf1794981467f86dddf92bb383597842da809863327c07bd17f633d26053e20
TSID02;DETRAN;99-Gestao/02-TSIDs/DETRAN/TSID02/TSID02 - DETRAN.pdf;e1c6d28c2ec7cba709c5d349c4114e85e92da2877ff6a86366756f3bfdfb9976
TSID02;DETRAN;99-Gestao/02-TSIDs/DETRAN/TSID02/ANEXO I - QUESTIONARIO.pdf;ce1a6afceb91cf4d888ba58beaba31ccee10316ade743bbd4f2c2709cdbddb47
TSID02;DETRAN;99-Gestao/02-TSIDs/DETRAN/TSID02/ANEXO II - GLOSSARIO.xlsx;a76be3e0156ace2669fa057be463e079e2160f4b3baaaa70c735277137d36dcd
TSID03;DETRAN;99-Gestao/02-TSIDs/DETRAN/TSID03/TSID03 - DETRAN.pdf;50266a5bb79f09faaacc8535435bd57e8e689861ec0ae99be342e7f84632fba4
TSID03;DETRAN;99-Gestao/02-TSIDs/DETRAN/TSID03/Comentarios do Gestor - DETRAN.pdf;054058bba18bfe87cc2f1df73792fb9ecae05cfc04b75c69564d67737cda7929
TSID03;DETRAN;99-Gestao/02-TSIDs/DETRAN/TSID03/Relatório Individual Preliminar - DETRAN.pdf;eb4eb167eb91773c43c15173228eff47b273370fe21388a63ad7f10be500d974
TSID01;DETRO;99-Gestao/02-TSIDs/DETRO/TSID01/TSID01 - Estado.docx;3cf1794981467f86dddf92bb383597842da809863327c07bd17f633d26053e20
TSID02;DETRO;99-Gestao/02-TSIDs/DETRO/TSID02/TSID02 - DETRO.pdf;445d9e7382eb0df77cd58c1970af97c334a9bd1f40e11a71528b16b2f293b9bc
TSID02;DETRO;99-Gestao/02-TSIDs/DETRO/TSID02/ANEXO I - QUESTIONARIO.pdf;ce1a6afceb91cf4d888ba58beaba31ccee10316ade743bbd4f2c2709cdbddb47
TSID02;DETRO;99-Gestao/02-TSIDs/DETRO/TSID02/ANEXO II - GLOSSARIO.xlsx;a76be3e0156ace2669fa057be463e079e2160f4b3baaaa70c735277137d36dcd
TSID03;DETRO;99-Gestao/02-TSIDs/DETRO/TSID03/TSID03 - DETRO.pdf;34debc767224c786fcb507e0299dc32c1c37bc0d9d153a0631a18ca74dcaf1c2
TSID03;DETRO;99-Gestao/02-TSIDs/DETRO/TSID03/Comentarios do Gestor - DETRO.pdf;178ddc4c58c71568e55ff12ce0fa61fd9f2b9b76201d9e5ebb9745f89c99d8c5
TSID03;DETRO;99-Gestao/02-TSIDs/DETRO/TSID03/Relatório Individual Preliminar - DETRO.pdf;b6889fee827af13d96497045ce15892b732f120fefbf599739c4995c4b6d6b9f
TSID01;DPGE;99-Gestao/02-TSIDs/DPGE/TSID01/TSID01 - Estado.docx;3cf1794981467f86dddf92bb383597842da809863327c07bd17f633d26053e20
TSID02;DPGE;99-Gestao/02-TSIDs/DPGE/TSID02/TSID02 - DPGE.pdf;5f4a5009da49b6433e3133c8ecd617ffd18dc44e995a8f7c6a65d1fa0ef9aef4
TSID02;DPGE;99-Gestao/02-TSIDs/DPGE/TSID02/ANEXO I - QUESTIONARIO.pdf;ce1a6afceb91cf4d888ba58beaba31ccee10316ade743bbd4f2c2709cdbddb47
TSID02;DPGE;99-Gestao/02-TSIDs/DPGE/TSID02/ANEXO II - GLOSSARIO.xlsx;a76be3e0156ace2669fa057be463e079e2160f4b3baaaa70c735277137d36dcd
TSID03;DPGE;99-Gestao/02-TSIDs/DPGE/TSID03/TSID03 - DPGE.pdf;d8b1f4ed5736e76e3af89ba392277a98c87c2b123c328c63ff04439dad9225c9
TSID03;DPGE;99-Gestao/02-TSIDs/DPGE/TSID03/Comentarios do Gestor - DPGE.pdf;992760f55fc551ce13ca74063e7f9b5c3f6acc60322bc06c00f6a2825b03b373
TSID03;DPGE;99-Gestao/02-TSIDs/DPGE/TSID03/Relatório Individual Preliminar - DPGE.pdf;423ce33e37943f2b83b3fcbe0a807ba7e5265ce29a922f65822bd61df4c974c6
TSID01;DRM;99-Gestao/02-TSIDs/DRM/TSID01/TSID01 - Estado.docx;3cf1794981467f86dddf92bb383597842da809863327c07bd17f633d26053e20
TSID02;DRM;99-Gestao/02-TSIDs/DRM/TSID02/TSID02 - DRM.pdf;2cd51205a20369ae8db0dd0da521f0b8dd46b8b9c34fec157a7a931aa3c546e2
TSID02;DRM;99-Gestao/02-TSIDs/DRM/TSID02/ANEXO I - QUESTIONARIO.pdf;ce1a6afceb91cf4d888ba58beaba31ccee10316ade743bbd4f2c2709cdbddb47
TSID02;DRM;99-Gestao/02-TSIDs/DRM/TSID02/ANEXO II - GLOSSARIO.xlsx;a76be3e0156ace2669fa057be463e079e2160f4b3baaaa70c735277137d36dcd
TSID03;DRM;99-Gestao/02-TSIDs/DRM/TSID03/TSID03 - DRM.pdf;560c362eab2c52e7081ddca2d4fa92074f2a55f9aceb08148c03666c8bd73e65
TSID03;DRM;99-Gestao/02-TSIDs/DRM/TSID03/Comentarios do Gestor - DRM.pdf;5001d10d3d2af658a764c85f84498b863c82e942a3cb2fda6e2321a956cac19b
TSID03;DRM;99-Gestao/02-TSIDs/DRM/TSID03/Relatório Individual Preliminar - DRM.pdf;4607892a9b1a25efe5611607f4d3698262b8b2ab7daefe7834921655ff83beca
TSID01;EMATER;99-Gestao/02-TSIDs/EMATER/TSID01/TSID01 - Estado.docx;3cf1794981467f86dddf92bb383597842da809863327c07bd17f633d26053e20
TSID02;EMATER;99-Gestao/02-TSIDs/EMATER/TSID02/TSID02 - EMATER.pdf;0916216a638a961c61b6f4423c69ad22f16d38ff009434b851a7eeaa54ff6d45
TSID02;EMATER;99-Gestao/02-TSIDs/EMATER/TSID02/ANEXO I - QUESTIONARIO.pdf;ce1a6afceb91cf4d888ba58beaba31ccee10316ade743bbd4f2c2709cdbddb47
TSID02;EMATER;99-Gestao/02-TSIDs/EMATER/TSID02/ANEXO II - GLOSSARIO.xlsx;a76be3e0156ace2669fa057be463e079e2160f4b3baaaa70c735277137d36dcd
TSID03;EMATER;99-Gestao/02-TSIDs/EMATER/TSID03/TSID03 - EMATER.pdf;63ab79275869860ad047577a9e5f51cf904d04bb008ca611b001c6efba008372
TSID03;EMATER;99-Gestao/02-TSIDs/EMATER/TSID03/Comentarios do Gestor - EMATER.pdf;ca8da423b64736598ff99ddd7b9790552d507f21288dd35652f9d92e2a9691af
TSID03;EMATER;99-Gestao/02-TSIDs/EMATER/TSID03/Relatório Individual Preliminar - EMATER.pdf;f8b13987d5242034e550e8e86dab8f95dc89b5a1ba33b5c9eda99ea4ca8e0c38
TSID01;FAETEC;99-Gestao/02-TSIDs/FAETEC/TSID01/TSID01 - Estado.docx;3cf1794981467f86dddf92bb383597842da809863327c07bd17f633d26053e20
TSID02;FAETEC;99-Gestao/02-TSIDs/FAETEC/TSID02/TSID02 - FAETEC.pdf;9e1782efa442fc936c7893a2ce417be97a9ec45598ddc9df4ddc151a9e611681
TSID02;FAETEC;99-Gestao/02-TSIDs/FAETEC/TSID02/ANEXO I - QUESTIONARIO.pdf;ce1a6afceb91cf4d888ba58beaba31ccee10316ade743bbd4f2c2709cdbddb47
TSID02;FAETEC;99-Gestao/02-TSIDs/FAETEC/TSID02/ANEXO II - GLOSSARIO.xlsx;a76be3e0156ace2669fa057be463e079e2160f4b3baaaa70c735277137d36dcd
TSID03;FAETEC;99-Gestao/02-TSIDs/FAETEC/TSID03/TSID03 - FAETEC.pdf;480b8558605f52daffa4294c88a9b8b2b25ca567f6910d4b1b81c283f66ddeb2
TSID03;FAETEC;99-Gestao/02-TSIDs/FAETEC/TSID03/Comentarios do Gestor - FAETEC.pdf;5b4447f0d7e1b285aee044b756cbb19111a669de00fddd3924b9571f512aac8a
TSID03;FAETEC;99-Gestao/02-TSIDs/FAETEC/TSID03/Relatório Individual Preliminar - FAETEC.pdf;0734eff3749ea85b788b7d3f91429dc5f64d198573e995b7324e30e43638fedd
TSID01;FAPERJ;99-Gestao/02-TSIDs/FAPERJ/TSID01/TSID01 - Estado.docx;3cf1794981467f86dddf92bb383597842da809863327c07bd17f633d26053e20
TSID02;FAPERJ;99-Gestao/02-TSIDs/FAPERJ/TSID02/TSID02 - FAPERJ.pdf;7925ee195c811df5e18d9cf4785b5676acba2e32c42dfbe72e31765d87a5027b
TSID02;FAPERJ;99-Gestao/02-TSIDs/FAPERJ/TSID02/ANEXO I - QUESTIONARIO.pdf;ce1a6afceb91cf4d888ba58beaba31ccee10316ade743bbd4f2c2709cdbddb47
TSID02;FAPERJ;99-Gestao/02-TSIDs/FAPERJ/TSID02/ANEXO II - GLOSSARIO.xlsx;a76be3e0156ace2669fa057be463e079e2160f4b3baaaa70c735277137d36dcd
TSID03;FAPERJ;99-Gestao/02-TSIDs/FAPERJ/TSID03/TSID03 - FAPERJ.pdf;415830f69f709cc01d34a2703a1ba38996589c82410ec3f6930d2818ea32a1d4
TSID03;FAPERJ;99-Gestao/02-TSIDs/FAPERJ/TSID03/Comentarios do Gestor - FAPERJ.pdf;dee75cd575d7cc1c61b8c524c031874ed023eb050c61020efb2f7db48b7cf891
TSID03;FAPERJ;99-Gestao/02-TSIDs/FAPERJ/TSID03/Relatório Individual Preliminar - FAPERJ.pdf;fe6d96c16b165bff233a1426a032a0c60e4734b4d5b6cffe94fa4b8585a20fca
TSID01;FIA;99-Gestao/02-TSIDs/FIA/TSID01/TSID01 - Estado.docx;3cf1794981467f86dddf92bb383597842da809863327c07bd17f633d26053e20
TSID02;FIA;99-Gestao/02-TSIDs/FIA/TSID02/TSID02 - FIA.pdf;a0cf60d3e904c379a991b233d194f15764d412a2832c600004d762ad70ebd8dd
TSID02;FIA;99-Gestao/02-TSIDs/FIA/TSID02/ANEXO I - QUESTIONARIO.pdf;ce1a6afceb91cf4d888ba58beaba31ccee10316ade743bbd4f2c2709cdbddb47
TSID02;FIA;99-Gestao/02-TSIDs/FIA/TSID02/ANEXO II - GLOSSARIO.xlsx;a76be3e0156ace2669fa057be463e079e2160f4b3baaaa70c735277137d36dcd
TSID03;FIA;99-Gestao/02-TSIDs/FIA/TSID03/TSID03 - FIA.pdf;0d232a298b5403bd44c76143af5ed980b1e3cd526ec9cefe894dbae44049ddff
TSID03;FIA;99-Gestao/02-TSIDs/FIA/TSID03/Comentarios do Gestor - FIA.pdf;a3e08eff041711fddfea28a63f95685447d108fb71fdecb02458720c0ec579a5
TSID03;FIA;99-Gestao/02-TSIDs/FIA/TSID03/Relatório Individual Preliminar - FIA.pdf;6d2ffdef42bf58c314e3b76f1357896eb550856d37fd1f09e8eaf54b9368eb9d
TSID01;FIPERJ;99-Gestao/02-TSIDs/FIPERJ/TSID01/TSID01 - Estado.docx;3cf1794981467f86dddf92bb383597842da809863327c07bd17f633d26053e20
TSID02;FIPERJ;99-Gestao/02-TSIDs/FIPERJ/TSID02/TSID02 - FIPERJ.pdf;c68a34f3a659fa486c6f00468e4739228bc08f0224bf8f89c2c5060e6cb3e36d
TSID02;FIPERJ;99-Gestao/02-TSIDs/FIPERJ/TSID02/ANEXO I - QUESTIONARIO.pdf;ce1a6afceb91cf4d888ba58beaba31ccee10316ade743bbd4f2c2709cdbddb47
TSID02;FIPERJ;99-Gestao/02-TSIDs/FIPERJ/TSID02/ANEXO II - GLOSSARIO.xlsx;a76be3e0156ace2669fa057be463e079e2160f4b3baaaa70c735277137d36dcd
TSID03;FIPERJ;99-Gestao/02-TSIDs/FIPERJ/TSID03/TSID03 - FIPERJ.pdf;5132bf554305dbc66177eecdafd5130e9f2bb119bf34eb212350e7c0cbe34230
TSID03;FIPERJ;99-Gestao/02-TSIDs/FIPERJ/TSID03/Comentarios do Gestor - FIPERJ.pdf;6a95e95c76cca7c7d70217aa2f105b8115e4a1fb8c399c4c822355478b4f688c
TSID03;FIPERJ;99-Gestao/02-TSIDs/FIPERJ/TSID03/Relatório Individual Preliminar - FIPERJ.pdf;d1d5e802cf172616cbaecde3344eac91095db9488805b4f24bdec93bc8e5e87e
TSID01;FLXIII;99-Gestao/02-TSIDs/FLXIII/TSID01/TSID01 - Estado.docx;3cf1794981467f86dddf92bb383597842da809863327c07bd17f633d26053e20
TSID02;FLXIII;99-Gestao/02-TSIDs/FLXIII/TSID02/TSID02 - FLXIII.pdf;28ed39fba06ad166d9e8e65e406b3b08ae44dd95fe3305b970dbec45d89f7cf8
TSID02;FLXIII;99-Gestao/02-TSIDs/FLXIII/TSID02/ANEXO I - QUESTIONARIO.pdf;ce1a6afceb91cf4d888ba58beaba31ccee10316ade743bbd4f2c2709cdbddb47
TSID02;FLXIII;99-Gestao/02-TSIDs/FLXIII/TSID02/ANEXO II - GLOSSARIO.xlsx;a76be3e0156ace2669fa057be463e079e2160f4b3baaaa70c735277137d36dcd
TSID03;FLXIII;99-Gestao/02-TSIDs/FLXIII/TSID03/TSID03 - FLXIII.pdf;d767c402f8a8125d854263fa47daaa4bbc7c72daa268cbf599e230854ac4ad92
TSID03;FLXIII;99-Gestao/02-TSIDs/FLXIII/TSID03/Comentarios do Gestor - FLXIII.pdf;ba96f2d63d7d98be17d6810babd66007bf57e93556d4327e5372cf8f87d3ba7c
TSID03;FLXIII;99-Gestao/02-TSIDs/FLXIII/TSID03/Relatório Individual Preliminar - FLXIII.pdf;14c2c663626e8f1651093b0dfd18827a00206f5be7024ead8fe88dac6a68b21a
TSID01;FMIS;99-Gestao/02-TSIDs/FMIS/TSID01/TSID01 - Estado.docx;3cf1794981467f86dddf92bb383597842da809863327c07bd17f633d26053e20
TSID02;FMIS;99-Gestao/02-TSIDs/FMIS/TSID02/TSID02 - FMIS.pdf;91c01e7ec979a7369e44b955fdba98c1f9cefddbee7de38e4d3c9e67fb5e194f
TSID02;FMIS;99-Gestao/02-TSIDs/FMIS/TSID02/ANEXO I - QUESTIONARIO.pdf;ce1a6afceb91cf4d888ba58beaba31ccee10316ade743bbd4f2c2709cdbddb47
TSID02;FMIS;99-Gestao/02-TSIDs/FMIS/TSID02/ANEXO II - GLOSSARIO.xlsx;a76be3e0156ace2669fa057be463e079e2160f4b3baaaa70c735277137d36dcd
TSID03;FMIS;99-Gestao/02-TSIDs/FMIS/TSID03/TSID03 - FMIS.pdf;c35ffd9f38535cf3d255a96d3d2ade5649f725398eb1bf235a32d668f0a75d33
TSID03;FMIS;99-Gestao/02-TSIDs/FMIS/TSID03/Comentarios do Gestor - FMIS.pdf;016bcbc3829b8c45b65051fe3d44ca2c67b7bc5f1806ecea74cc3164842ddd90
TSID03;FMIS;99-Gestao/02-TSIDs/FMIS/TSID03/Relatório Individual Preliminar - FMIS.pdf;4acd01c311435dc1ac771643e1ef56cd58fe436365df0777ef90673b8dc0e8a7
TSID01;FS;99-Gestao/02-TSIDs/FS/TSID01/TSID01 - Estado.docx;3cf1794981467f86dddf92bb383597842da809863327c07bd17f633d26053e20
TSID02;FS;99-Gestao/02-TSIDs/FS/TSID02/TSID02 - FS.pdf;3606f0c226064c1ec7cf8c7e84660ba5ea3aa6a195d71591b9f8a7be53a9294a
TSID02;FS;99-Gestao/02-TSIDs/FS/TSID02/ANEXO I - QUESTIONARIO.pdf;ce1a6afceb91cf4d888ba58beaba31ccee10316ade743bbd4f2c2709cdbddb47
TSID02;FS;99-Gestao/02-TSIDs/FS/TSID02/ANEXO II - GLOSSARIO.xlsx;a76be3e0156ace2669fa057be463e079e2160f4b3baaaa70c735277137d36dcd
TSID03;FS;99-Gestao/02-TSIDs/FS/TSID03/TSID03 - FS.pdf;39ce312c1bea446e08ae6f6ebc1da8474b346dc3e7124582b16fdd61141f805c
TSID03;FS;99-Gestao/02-TSIDs/FS/TSID03/Comentarios do Gestor - FS.pdf;14ebe61fc7e40cfb395a03e0925e8dd772c4a889c28670491fc780a8be5a58c4
TSID03;FS;99-Gestao/02-TSIDs/FS/TSID03/Relatório Individual Preliminar - FS.pdf;9e923bf4fb915d44bc176b81004158ca545ca93e34f1d6eae8b2b525a271c0dc
TSID01;FSC;99-Gestao/02-TSIDs/FSC/TSID01/TSID01 - Estado.docx;3cf1794981467f86dddf92bb383597842da809863327c07bd17f633d26053e20
TSID02;FSC;99-Gestao/02-TSIDs/FSC/TSID02/TSID02 - FSC.pdf;2e9d0c77ba81d38561cf344a682337ff150602c43e1c9c3ad6bc3b9eeff8641d
TSID02;FSC;99-Gestao/02-TSIDs/FSC/TSID02/ANEXO I - QUESTIONARIO.pdf;ce1a6afceb91cf4d888ba58beaba31ccee10316ade743bbd4f2c2709cdbddb47
TSID02;FSC;99-Gestao/02-TSIDs/FSC/TSID02/ANEXO II - GLOSSARIO.xlsx;a76be3e0156ace2669fa057be463e079e2160f4b3baaaa70c735277137d36dcd
TSID03;FSC;99-Gestao/02-TSIDs/FSC/TSID03/TSID03 - FSC.pdf;93be04b6a1890eee859067970f789cdb385cfab0462085cece127c0e675352db
TSID03;FSC;99-Gestao/02-TSIDs/FSC/TSID03/Comentarios do Gestor - FSC.pdf;3a413c01b041a31c264d1cc47106563b18cee360c8a10f7f0cbf8af88f43583d
TSID03;FSC;99-Gestao/02-TSIDs/FSC/TSID03/Relatório Individual Preliminar - FSC.pdf;3efab4bc871cf79f90f95c36dc33218f66fc43af5138ace4751e5af191fa7701
TSID01;FTM;99-Gestao/02-TSIDs/FTM/TSID01/TSID01 - Estado.docx;3cf1794981467f86dddf92bb383597842da809863327c07bd17f633d26053e20
TSID02;FTM;99-Gestao/02-TSIDs/FTM/TSID02/TSID02 - FTM.pdf;1d06cd324e5bf93fd7ff8d3c36d56a76061abbe11ba283a546eacf1c7225ccf1
TSID02;FTM;99-Gestao/02-TSIDs/FTM/TSID02/ANEXO I - QUESTIONARIO.pdf;ce1a6afceb91cf4d888ba58beaba31ccee10316ade743bbd4f2c2709cdbddb47
TSID02;FTM;99-Gestao/02-TSIDs/FTM/TSID02/ANEXO II - GLOSSARIO.xlsx;a76be3e0156ace2669fa057be463e079e2160f4b3baaaa70c735277137d36dcd
TSID03;FTM;99-Gestao/02-TSIDs/FTM/TSID03/TSID03 - FTM.pdf;38fef656fcfa6afebc0ab0fa336ee648448f776c5566a2a68de46e2ee90cc662
TSID03;FTM;99-Gestao/02-TSIDs/FTM/TSID03/Comentarios do Gestor - FTM.pdf;3970bbba8dc45e631ae815019cef544ec84fa4079f860379345342d4663fc241
TSID03;FTM;99-Gestao/02-TSIDs/FTM/TSID03/Relatório Individual Preliminar - FTM.pdf;8df4dd1a001c4e0ca511b701b3dc4db40dadb097ed9e1647f75a4160e39321f8
TSID01;FUNARJ;99-Gestao/02-TSIDs/FUNARJ/TSID01/TSID01 - Estado.docx;3cf1794981467f86dddf92bb383597842da809863327c07bd17f633d26053e20
TSID02;FUNARJ;99-Gestao/02-TSIDs/FUNARJ/TSID02/TSID02 - FUNARJ.pdf;43eeb709cd88f11f273e9a01c7738252bee444b8f465187f2c3947baad3d56af
TSID02;FUNARJ;99-Gestao/02-TSIDs/FUNARJ/TSID02/ANEXO I - QUESTIONARIO.pdf;ce1a6afceb91cf4d888ba58beaba31ccee10316ade743bbd4f2c2709cdbddb47
TSID02;FUNARJ;99-Gestao/02-TSIDs/FUNARJ/TSID02/ANEXO II - GLOSSARIO.xlsx;a76be3e0156ace2669fa057be463e079e2160f4b3baaaa70c735277137d36dcd
TSID03;FUNARJ;99-Gestao/02-TSIDs/FUNARJ/TSID03/TSID03 - FUNARJ.pdf;223b75db34baac4d421ab45384f4333e09855f6214ee28f921b0bcdec5a68289
TSID03;FUNARJ;99-Gestao/02-TSIDs/FUNARJ/TSID03/Comentarios do Gestor - FUNARJ.pdf;2aeb6d6f2c4fbc474941ee2f097f934520b43214b1221b3d9143ebb33d73fe0b
TSID03;FUNARJ;99-Gestao/02-TSIDs/FUNARJ/TSID03/Relatório Individual Preliminar - FUNARJ.pdf;5fe6accf35129c03dbc24dc8aba6fac0661a9fe0331a9b7c9fb23feead2e4c7b
TSID01;GSI;99-Gestao/02-TSIDs/GSI/TSID01/TSID01 - Estado.docx;3cf1794981467f86dddf92bb383597842da809863327c07bd17f633d26053e20
TSID02;GSI;99-Gestao/02-TSIDs/GSI/TSID02/TSID02 - GSI.pdf;f9ff4ae0f78b387926392b44908fc7c32bc28db777fa6487083873ba2f17713b
TSID02;GSI;99-Gestao/02-TSIDs/GSI/TSID02/ANEXO I - QUESTIONARIO.pdf;ce1a6afceb91cf4d888ba58beaba31ccee10316ade743bbd4f2c2709cdbddb47
TSID02;GSI;99-Gestao/02-TSIDs/GSI/TSID02/ANEXO II - GLOSSARIO.xlsx;a76be3e0156ace2669fa057be463e079e2160f4b3baaaa70c735277137d36dcd
TSID03;GSI;99-Gestao/02-TSIDs/GSI/TSID03/TSID03 - GSI.pdf;8021275d72022efd41ea2bd1ba7f2d3e7b344c43ff3c328cb92814904d914ac4
TSID03;GSI;99-Gestao/02-TSIDs/GSI/TSID03/Comentarios do Gestor - GSI.pdf;e600ef422895250af569183382e25b414c1406e47cbaee3e7c9ef2fc7b0ef03a
TSID03;GSI;99-Gestao/02-TSIDs/GSI/TSID03/Relatório Individual Preliminar - GSI.pdf;15e51b176feeb292b34d880e2b8e022030893daa27c473b8efec6be7b601045d
TSID01;IEEA;99-Gestao/02-TSIDs/IEEA/TSID01/TSID01 - Estado.docx;3cf1794981467f86dddf92bb383597842da809863327c07bd17f633d26053e20
TSID02;IEEA;99-Gestao/02-TSIDs/IEEA/TSID02/TSID02 - IEEA.pdf;873a8d9b59be8893a2942f55168a89f43cc6ec347a0b4614e73eee8b227107fe
TSID02;IEEA;99-Gestao/02-TSIDs/IEEA/TSID02/ANEXO I - QUESTIONARIO.pdf;ce1a6afceb91cf4d888ba58beaba31ccee10316ade743bbd4f2c2709cdbddb47
TSID02;IEEA;99-Gestao/02-TSIDs/IEEA/TSID02/ANEXO II - GLOSSARIO.xlsx;a76be3e0156ace2669fa057be463e079e2160f4b3baaaa70c735277137d36dcd
TSID03;IEEA;99-Gestao/02-TSIDs/IEEA/TSID03/TSID03 - IEEA.pdf;8202eb9c0ee1e6ff4f6c667dac58ce322c28ffbb4cefe83a4fd3607b217df32d
TSID03;IEEA;99-Gestao/02-TSIDs/IEEA/TSID03/Comentarios do Gestor - IEEA.pdf;992a921a43d3200b48e610d4624324b207cd56a86e5a326660cf140ff1c67204
TSID03;IEEA;99-Gestao/02-TSIDs/IEEA/TSID03/Relatório Individual Preliminar - IEEA.pdf;f3c0e2b78662830ee25ca9dbbb363473e5c7fdae5d5314ad584692716419cd5c
TSID01;INEA;99-Gestao/02-TSIDs/INEA/TSID01/TSID01 - Estado.docx;3cf1794981467f86dddf92bb383597842da809863327c07bd17f633d26053e20
TSID02;INEA;99-Gestao/02-TSIDs/INEA/TSID02/TSID02 - INEA.pdf;7fc7a0fe9a7e67d7b54d9a4b9185e726d4764647830a59a88903715c1e9d9f36
TSID02;INEA;99-Gestao/02-TSIDs/INEA/TSID02/ANEXO I - QUESTIONARIO.pdf;ce1a6afceb91cf4d888ba58beaba31ccee10316ade743bbd4f2c2709cdbddb47
TSID02;INEA;99-Gestao/02-TSIDs/INEA/TSID02/ANEXO II - GLOSSARIO.xlsx;a76be3e0156ace2669fa057be463e079e2160f4b3baaaa70c735277137d36dcd
TSID03;INEA;99-Gestao/02-TSIDs/INEA/TSID03/TSID03 - INEA.pdf;9e3fabe8550aecb78a202a699feb1d7025d81d570fcaf572bb6f15c94466ab1b
TSID03;INEA;99-Gestao/02-TSIDs/INEA/TSID03/Comentarios do Gestor - INEA.pdf;2dd248191ab88af39c58f5da9f6892bec553a7afa594e898808033c42bd68318
TSID03;INEA;99-Gestao/02-TSIDs/INEA/TSID03/Relatório Individual Preliminar - INEA.pdf;11906e9f8fbcb2e283facc04bf29041c78ed47024200c47f3ae3568dd60ee787
TSID01;IOERJ;99-Gestao/02-TSIDs/IOERJ/TSID01/TSID01 - Estado.docx;3cf1794981467f86dddf92bb383597842da809863327c07bd17f633d26053e20
TSID02;IOERJ;99-Gestao/02-TSIDs/IOERJ/TSID02/TSID02 - IOERJ.pdf;46d86c12a6898e817e527653930d797198361bf2257a75af8d16292bba80ef96
TSID02;IOERJ;99-Gestao/02-TSIDs/IOERJ/TSID02/ANEXO I - QUESTIONARIO.pdf;ce1a6afceb91cf4d888ba58beaba31ccee10316ade743bbd4f2c2709cdbddb47
TSID02;IOERJ;99-Gestao/02-TSIDs/IOERJ/TSID02/ANEXO II - GLOSSARIO.xlsx;a76be3e0156ace2669fa057be463e079e2160f4b3baaaa70c735277137d36dcd
TSID03;IOERJ;99-Gestao/02-TSIDs/IOERJ/TSID03/TSID03 - IORJ.pdf;98a474973a5e86f2d9caac979d4ef5d0c62a3b1cda8cfc7655eb24509f2b36bf
TSID03;IOERJ;99-Gestao/02-TSIDs/IOERJ/TSID03/Comentarios do Gestor - IOERJ.pdf;94c44639fe1219765ceb3f51b550f5c17d0516e399a2908fd9735b3e6f0cddc6
TSID03;IOERJ;99-Gestao/02-TSIDs/IOERJ/TSID03/Relatório Individual Preliminar - IOERJ.pdf;49d5dbad9a4c2e7197612d4bc00ea3ed1c7b2f1febee32a0ac0b22bff67b141f
TSID01;IPEM;99-Gestao/02-TSIDs/IPEM/TSID01/TSID01 - Estado.docx;3cf1794981467f86dddf92bb383597842da809863327c07bd17f633d26053e20
TSID02;IPEM;99-Gestao/02-TSIDs/IPEM/TSID02/TSID02 - IPEM.pdf;0e813c6a4c36a52c448ff64e7daf2837c66d78714de0ba69323ea582c25d6bbc
TSID02;IPEM;99-Gestao/02-TSIDs/IPEM/TSID02/ANEXO I - QUESTIONARIO.pdf;ce1a6afceb91cf4d888ba58beaba31ccee10316ade743bbd4f2c2709cdbddb47
TSID02;IPEM;99-Gestao/02-TSIDs/IPEM/TSID02/ANEXO II - GLOSSARIO.xlsx;a76be3e0156ace2669fa057be463e079e2160f4b3baaaa70c735277137d36dcd
TSID03;IPEM;99-Gestao/02-TSIDs/IPEM/TSID03/TSID03 - IPEM.pdf;4214b26cce4525bda7a702e1a81af533eaf32fec6ed7bc17f1350f4ee9efcc64
TSID03;IPEM;99-Gestao/02-TSIDs/IPEM/TSID03/Comentarios do Gestor - IPEM.pdf;03247e2a4ff4f680e9e9347f85c6258427b7e8dc94118d6f40eba46754f30c0f
TSID03;IPEM;99-Gestao/02-TSIDs/IPEM/TSID03/Relatório Individual Preliminar - IPEM.pdf;b5bbf714146f631a8ea29ff795216acfc079e5e68ae87f21232c2170c1f1d006
TSID01;IRM;99-Gestao/02-TSIDs/IRM/TSID01/TSID01 - Estado.docx;3cf1794981467f86dddf92bb383597842da809863327c07bd17f633d26053e20
TSID02;IRM;99-Gestao/02-TSIDs/IRM/TSID02/TSID02 - IRM.pdf;38fdd3723c6254f80eeeeeb5bc981fe4e4f73073412c0eaf1a593fc0d2652cc2
TSID02;IRM;99-Gestao/02-TSIDs/IRM/TSID02/ANEXO I - QUESTIONARIO.pdf;ce1a6afceb91cf4d888ba58beaba31ccee10316ade743bbd4f2c2709cdbddb47
TSID02;IRM;99-Gestao/02-TSIDs/IRM/TSID02/ANEXO II - GLOSSARIO.xlsx;a76be3e0156ace2669fa057be463e079e2160f4b3baaaa70c735277137d36dcd
TSID03;IRM;99-Gestao/02-TSIDs/IRM/TSID03/TSID03 - IRM.pdf;7edc513e555137da7b72a47703c59843b932ebdb5c6842846927881d16c6b7a7
TSID03;IRM;99-Gestao/02-TSIDs/IRM/TSID03/Comentarios do Gestor - IRM.pdf;52becf655f2e2979b5a7595f537ec074e3b334de1ca7cb3b3feb0a6d84f4afd2
TSID03;IRM;99-Gestao/02-TSIDs/IRM/TSID03/Relatório Individual Preliminar - IRM.pdf;a719e2386f52c8afec4a27ef2787e1f77b4f4a618f0ec4041da040c170b3cbfa
TSID01;ISP;99-Gestao/02-TSIDs/ISP/TSID01/TSID01 - Estado.docx;3cf1794981467f86dddf92bb383597842da809863327c07bd17f633d26053e20
TSID02;ISP;99-Gestao/02-TSIDs/ISP/TSID02/TSID02 - ISP.pdf;36e40c46f682a83e7c1cc36df8f5c151c9bf08b5f177530948c8d56db1c47f68
TSID02;ISP;99-Gestao/02-TSIDs/ISP/TSID02/ANEXO I - QUESTIONARIO.pdf;ce1a6afceb91cf4d888ba58beaba31ccee10316ade743bbd4f2c2709cdbddb47
TSID02;ISP;99-Gestao/02-TSIDs/ISP/TSID02/ANEXO II - GLOSSARIO.xlsx;a76be3e0156ace2669fa057be463e079e2160f4b3baaaa70c735277137d36dcd
TSID03;ISP;99-Gestao/02-TSIDs/ISP/TSID03/TSID03 - ISP.pdf;d27bd11cddb6af15c8baa75705dc4515452baec109601d50a4fdd2f603626d88
TSID03;ISP;99-Gestao/02-TSIDs/ISP/TSID03/Comentarios do Gestor - ISP.pdf;af6c037bcb734264f0a0f042b18e2c60104d8a2005d20dee5a19a5b6226c6671
TSID03;ISP;99-Gestao/02-TSIDs/ISP/TSID03/Relatório Individual Preliminar - ISP.pdf;990bbf0a31e9a2bebf11433e15b42123480f91f864cfaf10c3565280ad9542b1
TSID01;ITERJ;99-Gestao/02-TSIDs/ITERJ/TSID01/TSID01 - Estado.docx;3cf1794981467f86dddf92bb383597842da809863327c07bd17f633d26053e20
TSID02;ITERJ;99-Gestao/02-TSIDs/ITERJ/TSID02/TSID02 - ITERJ.pdf;58a9a4468c6241963a1397ea62d3844273825c689d67fa1148679db1f3534628
TSID02;ITERJ;99-Gestao/02-TSIDs/ITERJ/TSID02/ANEXO I - QUESTIONARIO.pdf;ce1a6afceb91cf4d888ba58beaba31ccee10316ade743bbd4f2c2709cdbddb47
TSID02;ITERJ;99-Gestao/02-TSIDs/ITERJ/TSID02/ANEXO II - GLOSSARIO.xlsx;a76be3e0156ace2669fa057be463e079e2160f4b3baaaa70c735277137d36dcd
TSID03;ITERJ;99-Gestao/02-TSIDs/ITERJ/TSID03/TSID03 - ITERJ.pdf;0a71620fd548dbccdbc8c6bc33059eebdcc010bae615e2fe28f9c8acce5bc320
TSID03;ITERJ;99-Gestao/02-TSIDs/ITERJ/TSID03/Comentarios do Gestor - ITERJ.pdf;0c48ad8429965e5b8e4e7ef2f694952e447c2bd08374f9c32638b244c17b8750
TSID03;ITERJ;99-Gestao/02-TSIDs/ITERJ/TSID03/Relatório Individual Preliminar - ITERJ.pdf;a867d59ddac89777aa2a4d7e02b36a5aa9ef844630c1cd8101d728ff4285f43a
TSID01;IVB;99-Gestao/02-TSIDs/IVB/TSID01/TSID01 - Estado.docx;3cf1794981467f86dddf92bb383597842da809863327c07bd17f633d26053e20
TSID02;IVB;99-Gestao/02-TSIDs/IVB/TSID02/TSID02 - IVB.pdf;b4539c8175d07e3527ad1d108cac1cbb6224e337b4fb3419661cef57fdd1ecb3
TSID02;IVB;99-Gestao/02-TSIDs/IVB/TSID02/ANEXO I - QUESTIONARIO.pdf;ce1a6afceb91cf4d888ba58beaba31ccee10316ade743bbd4f2c2709cdbddb47
TSID02;IVB;99-Gestao/02-TSIDs/IVB/TSID02/ANEXO II - GLOSSARIO.xlsx;a76be3e0156ace2669fa057be463e079e2160f4b3baaaa70c735277137d36dcd
TSID03;IVB;99-Gestao/02-TSIDs/IVB/TSID03/TSID03 - IVB.pdf;7fedf60adda29c5655058914390980cb4eb8711bd3d3ea5b580b47b936067e80
TSID03;IVB;99-Gestao/02-TSIDs/IVB/TSID03/Comentarios do Gestor - IVB.pdf;143dc432caccbbb0ed8d276e9d93bca1f80fba8f4e7c17053dc6de651f1cbbff
TSID03;IVB;99-Gestao/02-TSIDs/IVB/TSID03/Relatório Individual Preliminar - IVB.pdf;51d3ce66313ee796ad814e2d96a96f9d36007907dbaf38cd4732dec2fe58b67b
TSID01;JUCERJA;99-Gestao/02-TSIDs/JUCERJA/TSID01/TSID01 - Estado.docx;3cf1794981467f86dddf92bb383597842da809863327c07bd17f633d26053e20
TSID02;JUCERJA;99-Gestao/02-TSIDs/JUCERJA/TSID02/TSID02 - JUCERJA.pdf;7411c7451d41cf60cb096a8328c1395ff7e1c28d164f433a5a9cc421650e50e8
TSID02;JUCERJA;99-Gestao/02-TSIDs/JUCERJA/TSID02/ANEXO I - QUESTIONARIO.pdf;ce1a6afceb91cf4d888ba58beaba31ccee10316ade743bbd4f2c2709cdbddb47
TSID02;JUCERJA;99-Gestao/02-TSIDs/JUCERJA/TSID02/ANEXO II - GLOSSARIO.xlsx;a76be3e0156ace2669fa057be463e079e2160f4b3baaaa70c735277137d36dcd
TSID03;JUCERJA;99-Gestao/02-TSIDs/JUCERJA/TSID03/TSID03 - JUCERJA.pdf;2a1eb01f6ab5b93031364692451c0f71b1306ce653eb5bd9db7865ca68a66238
TSID03;JUCERJA;99-Gestao/02-TSIDs/JUCERJA/TSID03/Comentarios do Gestor - JUCERJA.pdf;fd41ccb6968ecd63742835fa986dbf1397c68fb179214e9b9f25f6351266e224
TSID03;JUCERJA;99-Gestao/02-TSIDs/JUCERJA/TSID03/Relatório Individual Preliminar - JUCERJA.pdf;fd55815aa14871a088d251f741ae0fa71de63032cd71f96e0dc1398dff10bb10
TSID01;LOTERJ;99-Gestao/02-TSIDs/LOTERJ/TSID01/TSID01 - Estado.docx;3cf1794981467f86dddf92bb383597842da809863327c07bd17f633d26053e20
TSID02;LOTERJ;99-Gestao/02-TSIDs/LOTERJ/TSID02/TSID02 - LOTERJ.pdf;977c56e703f898e453bf615f7b0322cad739fa8281590b11da729ea3b906a36f
TSID02;LOTERJ;99-Gestao/02-TSIDs/LOTERJ/TSID02/ANEXO I - QUESTIONARIO.pdf;ce1a6afceb91cf4d888ba58beaba31ccee10316ade743bbd4f2c2709cdbddb47
TSID02;LOTERJ;99-Gestao/02-TSIDs/LOTERJ/TSID02/ANEXO II - GLOSSARIO.xlsx;a76be3e0156ace2669fa057be463e079e2160f4b3baaaa70c735277137d36dcd
TSID03;LOTERJ;99-Gestao/02-TSIDs/LOTERJ/TSID03/TSID03 - LOTERJ.pdf;f56c4b39d14688419ad75dec2b45988125bc1092c2d88dd033daee311ed1301f
TSID03;LOTERJ;99-Gestao/02-TSIDs/LOTERJ/TSID03/Comentarios do Gestor - LOTERJ.pdf;9b7690f82ce0e39d4d67011ce65452fcd41241e05ad6d504362b9d2500aeda69
TSID03;LOTERJ;99-Gestao/02-TSIDs/LOTERJ/TSID03/Relatório Individual Preliminar - LOTERJ.pdf;cabf0ffafc340c36d5508739567f61756331f098fc807f7a694930ee3d8c7cfb
TSID01;MPERJ;99-Gestao/02-TSIDs/MPERJ/TSID01/TSID01 - Estado.docx;3cf1794981467f86dddf92bb383597842da809863327c07bd17f633d26053e20
TSID02;MPERJ;99-Gestao/02-TSIDs/MPERJ/TSID02/TSID02 - MPERJ.pdf;a300c0929cc53156f8771fdbc8f5b4f69c4fdd693ece8f869baf761f9da6c678
TSID02;MPERJ;99-Gestao/02-TSIDs/MPERJ/TSID02/ANEXO I - QUESTIONARIO.pdf;ce1a6afceb91cf4d888ba58beaba31ccee10316ade743bbd4f2c2709cdbddb47
TSID02;MPERJ;99-Gestao/02-TSIDs/MPERJ/TSID02/ANEXO II - GLOSSARIO.xlsx;a76be3e0156ace2669fa057be463e079e2160f4b3baaaa70c735277137d36dcd
TSID03;MPERJ;99-Gestao/02-TSIDs/MPERJ/TSID03/TSID03 - MPERJ.pdf;72e74f143c8ff8525e13118d5332d0e7cac19c356b9dca25015dcc0acd09287b
TSID03;MPERJ;99-Gestao/02-TSIDs/MPERJ/TSID03/Comentarios do Gestor - MPERJ.pdf;2f2a4028e6625e4439c42d6cfc205eec915e2fe8c8839b6d2b48958f29518baa
TSID03;MPERJ;99-Gestao/02-TSIDs/MPERJ/TSID03/Relatório Individual Preliminar - MPERJ.pdf;3f7ea070812514e44fd23b0828d773f7f9461dcbcbdb5414c04863dd85385103
TSID01;PGE;99-Gestao/02-TSIDs/PGE/TSID01/TSID01 - Estado.docx;3cf1794981467f86dddf92bb383597842da809863327c07bd17f633d26053e20
TSID02;PGE;99-Gestao/02-TSIDs/PGE/TSID02/TSID02 - PGE.pdf;0ef7c26523bf87a4d5558c2d8381b7ec1bee12a78866e7bdced380a747402e41
TSID02;PGE;99-Gestao/02-TSIDs/PGE/TSID02/ANEXO I - QUESTIONARIO.pdf;ce1a6afceb91cf4d888ba58beaba31ccee10316ade743bbd4f2c2709cdbddb47
TSID02;PGE;99-Gestao/02-TSIDs/PGE/TSID02/ANEXO II - GLOSSARIO.xlsx;a76be3e0156ace2669fa057be463e079e2160f4b3baaaa70c735277137d36dcd
TSID03;PGE;99-Gestao/02-TSIDs/PGE/TSID03/TSID03 - PGE.pdf;48d0590689c97d004bb6665501524b3730000ce3b0f612dd60a7e2a98e00d299
TSID03;PGE;99-Gestao/02-TSIDs/PGE/TSID03/Comentarios do Gestor - PGE.pdf;9fffa9fe78e40b64d63af11c06d47dcb5dd980b01b14df0d66bad8f293d99ac2
TSID03;PGE;99-Gestao/02-TSIDs/PGE/TSID03/Relatório Individual Preliminar - PGE.pdf;5da1edd37d49ce5a846f6a256213fdcd0987fc37227f8c7e75f5d8a5e92c225e
TSID01;PROCON;99-Gestao/02-TSIDs/PROCON/TSID01/TSID01 - Estado.docx;3cf1794981467f86dddf92bb383597842da809863327c07bd17f633d26053e20
TSID02;PROCON;99-Gestao/02-TSIDs/PROCON/TSID02/TSID02 - PROCON.pdf;c00bd9ddd887472cfc7dceaa99a86f71cd16bd8e59422006e9d6a6495dd7ca1c
TSID02;PROCON;99-Gestao/02-TSIDs/PROCON/TSID02/ANEXO I - QUESTIONARIO.pdf;ce1a6afceb91cf4d888ba58beaba31ccee10316ade743bbd4f2c2709cdbddb47
TSID02;PROCON;99-Gestao/02-TSIDs/PROCON/TSID02/ANEXO II - GLOSSARIO.xlsx;a76be3e0156ace2669fa057be463e079e2160f4b3baaaa70c735277137d36dcd
TSID03;PROCON;99-Gestao/02-TSIDs/PROCON/TSID03/TSID03 - PROCON.pdf;c5b79b94e8a769dfa214495d85a24c5805490c1ee28899e6ca78be9e05ebcbcb
TSID03;PROCON;99-Gestao/02-TSIDs/PROCON/TSID03/Comentarios do Gestor - PROCON.pdf;941e0525f67017a2e5a74a9afc0d9cdc81d0218729d9d8c155e54b8a3ee0353c
TSID03;PROCON;99-Gestao/02-TSIDs/PROCON/TSID03/Relatório Individual Preliminar - PROCON.pdf;48de8515995d9bc217a5b37c59d0664324dd877146f8f64387d9c4c42babea80
TSID01;PRODERJ;99-Gestao/02-TSIDs/PRODERJ/TSID01/TSID01 - Estado.docx;3cf1794981467f86dddf92bb383597842da809863327c07bd17f633d26053e20
TSID02;PRODERJ;99-Gestao/02-TSIDs/PRODERJ/TSID02/TSID02 - PRODERJ.pdf;260386dfac3fafdb4cfccb7888b421237e42e1dcad1cbf85aedbb180727dac95
TSID02;PRODERJ;99-Gestao/02-TSIDs/PRODERJ/TSID02/ANEXO I - QUESTIONARIO.pdf;ce1a6afceb91cf4d888ba58beaba31ccee10316ade743bbd4f2c2709cdbddb47
TSID02;PRODERJ;99-Gestao/02-TSIDs/PRODERJ/TSID02/ANEXO II - GLOSSARIO.xlsx;a76be3e0156ace2669fa057be463e079e2160f4b3baaaa70c735277137d36dcd
TSID03;PRODERJ;99-Gestao/02-TSIDs/PRODERJ/TSID03/TSID03 - PRODERJ.pdf;cb2b158d8ca1fd48cbfd585c23c92faec40d4eca0c5856640a52e3c39ab30631
TSID03;PRODERJ;99-Gestao/02-TSIDs/PRODERJ/TSID03/Comentarios do Gestor - PRODERJ.pdf;d6f8f030321ffcc133c93250f4130b1765e4d7c902415b5d1edaa36a560f9911
TSID03;PRODERJ;99-Gestao/02-TSIDs/PRODERJ/TSID03/Relatório Individual Preliminar - PRODERJ.pdf;c3333c6f19f9d2f1f20a432fa92fbb8e053e0ee3b73bdd27fefb90db5ad73546
TSID01;RIOPREVIDENCIA;99-Gestao/02-TSIDs/RIOPREVIDENCIA/TSID01/TSID01 - Estado.docx;3cf1794981467f86dddf92bb383597842da809863327c07bd17f633d26053e20
TSID02;RIOPREVIDENCIA;99-Gestao/02-TSIDs/RIOPREVIDENCIA/TSID02/TSID02 - RIOPREVIDENCIA.pdf;844ccc20b0b227718e7a03b3e917f543bdca6f9dd344c18fd9925f5723992646
TSID02;RIOPREVIDENCIA;99-Gestao/02-TSIDs/RIOPREVIDENCIA/TSID02/ANEXO I - QUESTIONARIO.pdf;ce1a6afceb91cf4d888ba58beaba31ccee10316ade743bbd4f2c2709cdbddb47
TSID02;RIOPREVIDENCIA;99-Gestao/02-TSIDs/RIOPREVIDENCIA/TSID02/ANEXO II - GLOSSARIO.xlsx;a76be3e0156ace2669fa057be463e079e2160f4b3baaaa70c735277137d36dcd
TSID03;RIOPREVIDENCIA;99-Gestao/02-TSIDs/RIOPREVIDENCIA/TSID03/TSID03 - RIOPREVIDENCIA.pdf;79b5534b7c2c874a8ba009b09d658117e502c3106ed74041dd00bd31669f0c16
TSID03;RIOPREVIDENCIA;99-Gestao/02-TSIDs/RIOPREVIDENCIA/TSID03/Comentarios do Gestor - RIOPREVIDENCIA.pdf;59a05c40a210d56dc9e93634cb32f09ba87a35ccfa9ff54d8331a21d7399e0ce
TSID03;RIOPREVIDENCIA;99-Gestao/02-TSIDs/RIOPREVIDENCIA/TSID03/Relatório Individual Preliminar - RIOPREVIDENCIA.pdf;12ffdde32b8403162c3ddcb3d8f16297ee73390a5759c99f822a35295ca81b55
TSID01;RIOTRILHOS;99-Gestao/02-TSIDs/RIOTRILHOS/TSID01/TSID01 - Estado.docx;3cf1794981467f86dddf92bb383597842da809863327c07bd17f633d26053e20
TSID02;RIOTRILHOS;99-Gestao/02-TSIDs/RIOTRILHOS/TSID02/TSID02 - RIOTRILHOS.pdf;66b0579e0a0a7202a1b3c5fc3fcb188293f299a147379269378badb3e1447077
TSID02;RIOTRILHOS;99-Gestao/02-TSIDs/RIOTRILHOS/TSID02/ANEXO I - QUESTIONARIO.pdf;ce1a6afceb91cf4d888ba58beaba31ccee10316ade743bbd4f2c2709cdbddb47
TSID02;RIOTRILHOS;99-Gestao/02-TSIDs/RIOTRILHOS/TSID02/ANEXO II - GLOSSARIO.xlsx;a76be3e0156ace2669fa057be463e079e2160f4b3baaaa70c735277137d36dcd
TSID03;RIOTRILHOS;99-Gestao/02-TSIDs/RIOTRILHOS/TSID03/TSID03 - RIOTRILHOS.pdf;bb202d21d187359ee65b77541c81928e77a855ecef3f24776b8070bc817688d1
TSID03;RIOTRILHOS;99-Gestao/02-TSIDs/RIOTRILHOS/TSID03/Comentarios do Gestor - RIOTRILHOS.pdf;01f055d7227d3911588de49a3b640ea27a8b1093ab88e264d24de278a7728c7b
TSID03;RIOTRILHOS;99-Gestao/02-TSIDs/RIOTRILHOS/TSID03/Relatório Individual Preliminar - RIOTRILHOS.pdf;9564a3acf499aac9c464cc91c1ba2ba10f6fce08685a42b3fd5e9cfff396a627
TSID01;RJPREV;99-Gestao/02-TSIDs/RJPREV/TSID01/TSID01 - Estado.docx;3cf1794981467f86dddf92bb383597842da809863327c07bd17f633d26053e20
TSID02;RJPREV;99-Gestao/02-TSIDs/RJPREV/TSID02/TSID02 - RJPREV.pdf;4bb9c548c228ddf22c68360f6a17eceea126a68a24b9de07acb466751890f4c2
TSID02;RJPREV;99-Gestao/02-TSIDs/RJPREV/TSID02/ANEXO I - QUESTIONARIO.pdf;ce1a6afceb91cf4d888ba58beaba31ccee10316ade743bbd4f2c2709cdbddb47
TSID02;RJPREV;99-Gestao/02-TSIDs/RJPREV/TSID02/ANEXO II - GLOSSARIO.xlsx;a76be3e0156ace2669fa057be463e079e2160f4b3baaaa70c735277137d36dcd
TSID03;RJPREV;99-Gestao/02-TSIDs/RJPREV/TSID03/TSID03 - RJPREV.pdf;971f75ca6434fa223e33b7820852639b8c8601b3f130a18a0c7a74a95c889fc2
TSID03;RJPREV;99-Gestao/02-TSIDs/RJPREV/TSID03/Comentarios do Gestor - RJPREV.pdf;48a6b440b3a190f4e02fca15785e8c2f949e7360f4e049612baab16682517036
TSID03;RJPREV;99-Gestao/02-TSIDs/RJPREV/TSID03/Relatório Individual Preliminar - RJPREV.pdf;332992bbbc8a2a3df0427640713ff8200cec6c5b0de8d361b440fb56ec66fa4e
TSID01;SEAP;99-Gestao/02-TSIDs/SEAP/TSID01/TSID01 - Estado.docx;3cf1794981467f86dddf92bb383597842da809863327c07bd17f633d26053e20
TSID02;SEAP;99-Gestao/02-TSIDs/SEAP/TSID02/TSID02 - SEAP.pdf;7423d69ea846156f411e89b4f8335fc1c2f75c2b870af6e53675021a558bfe17
TSID02;SEAP;99-Gestao/02-TSIDs/SEAP/TSID02/ANEXO I - QUESTIONARIO.pdf;ce1a6afceb91cf4d888ba58beaba31ccee10316ade743bbd4f2c2709cdbddb47
TSID02;SEAP;99-Gestao/02-TSIDs/SEAP/TSID02/ANEXO II - GLOSSARIO.xlsx;a76be3e0156ace2669fa057be463e079e2160f4b3baaaa70c735277137d36dcd
TSID03;SEAP;99-Gestao/02-TSIDs/SEAP/TSID03/TSID03 - SEAP.pdf;428054a8901ee81050c8a0bbbd2850137df0db1e4c6e17f61ed26229970a311c
TSID03;SEAP;99-Gestao/02-TSIDs/SEAP/TSID03/Comentarios do Gestor - SEAP.pdf;0bf6fff19096a4f7ce4fdd93efb474a3eed47479e4d46f92e4d2e738e127dfc9
TSID03;SEAP;99-Gestao/02-TSIDs/SEAP/TSID03/Relatório Individual Preliminar - SEAP.pdf;3ea5de94d2359a33ca21ccc75cb255c9c39677a1a34f454a3005380ce4a61402
TSID01;SEAPPA;99-Gestao/02-TSIDs/SEAPPA/TSID01/TSID01 - Estado.docx;3cf1794981467f86dddf92bb383597842da809863327c07bd17f633d26053e20
TSID02;SEAPPA;99-Gestao/02-TSIDs/SEAPPA/TSID02/TSID02 - SEAPPA.pdf;64b3ba5eef9b83c1a0c47a9008e7d0f186b42887e9a694d376b7c63189d689f8
TSID02;SEAPPA;99-Gestao/02-TSIDs/SEAPPA/TSID02/ANEXO I - QUESTIONARIO.pdf;ce1a6afceb91cf4d888ba58beaba31ccee10316ade743bbd4f2c2709cdbddb47
TSID02;SEAPPA;99-Gestao/02-TSIDs/SEAPPA/TSID02/ANEXO II - GLOSSARIO.xlsx;a76be3e0156ace2669fa057be463e079e2160f4b3baaaa70c735277137d36dcd
TSID03;SEAPPA;99-Gestao/02-TSIDs/SEAPPA/TSID03/TSID03 - SEAPPA.pdf;8f7cf0e61da2935fbe38e533c8ce451341edf3b80ead6680a54697639f1bc2d5
TSID03;SEAPPA;99-Gestao/02-TSIDs/SEAPPA/TSID03/Comentarios do Gestor - SEAPPA.pdf;7fc32817596d0acfcbe3b3a75f3e601b73fbe907e068b1a34002a1f1f917bff1
TSID03;SEAPPA;99-Gestao/02-TSIDs/SEAPPA/TSID03/Relatório Individual Preliminar - SEAPPA.pdf;793e0b1e1b5a74bc358c0d8a34b9b28d4cece39b7eaa88faa8d23afb5e51d7bb
TSID01;SECC;99-Gestao/02-TSIDs/SECC/TSID01/TSID01 - Estado.docx;3cf1794981467f86dddf92bb383597842da809863327c07bd17f633d26053e20
TSID02;SECC;99-Gestao/02-TSIDs/SECC/TSID02/TSID02 - SECC.pdf;df15e3d369f9c4fb5e39b091b25d8cdfb85d119f0c41dfa6bc15288f14431470
TSID02;SECC;99-Gestao/02-TSIDs/SECC/TSID02/ANEXO I - QUESTIONARIO.pdf;ce1a6afceb91cf4d888ba58beaba31ccee10316ade743bbd4f2c2709cdbddb47
TSID02;SECC;99-Gestao/02-TSIDs/SECC/TSID02/ANEXO II - GLOSSARIO.xlsx;a76be3e0156ace2669fa057be463e079e2160f4b3baaaa70c735277137d36dcd
TSID03;SECC;99-Gestao/02-TSIDs/SECC/TSID03/TSID03 - SECC.pdf;cc1107f9ff9c46727b08d9455eeeaf41efff4eda3f10409668b85803bfdb0f67
TSID03;SECC;99-Gestao/02-TSIDs/SECC/TSID03/Comentarios do Gestor - SECC.pdf;a256b54efd7e5670adfad8afab0f51a8580f8db0317bbb7ff83cca8343040f2b
TSID03;SECC;99-Gestao/02-TSIDs/SECC/TSID03/Relatório Individual Preliminar - SECC.pdf;8068a0865ed71a33b67289e85d2a24222c0fd192abbdec3c5d733e44fe263f9c
TSID01;SECEC;99-Gestao/02-TSIDs/SECEC/TSID01/TSID01 - Estado.docx;3cf1794981467f86dddf92bb383597842da809863327c07bd17f633d26053e20
TSID02;SECEC;99-Gestao/02-TSIDs/SECEC/TSID02/TSID02 - SECEC.pdf;67ca1a742f9cda396a1e9b35a4ffc82e84da8ca72545d05a81af30961fccbaff
TSID02;SECEC;99-Gestao/02-TSIDs/SECEC/TSID02/ANEXO I - QUESTIONARIO.pdf;ce1a6afceb91cf4d888ba58beaba31ccee10316ade743bbd4f2c2709cdbddb47
TSID02;SECEC;99-Gestao/02-TSIDs/SECEC/TSID02/ANEXO II - GLOSSARIO.xlsx;a76be3e0156ace2669fa057be463e079e2160f4b3baaaa70c735277137d36dcd
TSID03;SECEC;99-Gestao/02-TSIDs/SECEC/TSID03/TSID03 - sec est cultura e economia cr_370_2026.pdf;7d2d8ff620f73e9d3bebe5d0484751343936e48d4636e17c879a436764f1a70d
TSID03;SECEC;99-Gestao/02-TSIDs/SECEC/TSID03/Comentarios do Gestor - SECEC.pdf;f867492c208915592dfe01776d94b10566edff1746048851cec1eec06fefde43
TSID03;SECEC;99-Gestao/02-TSIDs/SECEC/TSID03/Relatório Individual Preliminar - SECEC.pdf;cc6ac02d22d6ffdb0769e5de46ff034a6806e2a0ad7ad6cc93e1413efcf6db00
TSID01;SECID;99-Gestao/02-TSIDs/SECID/TSID01/TSID01 - Estado.docx;3cf1794981467f86dddf92bb383597842da809863327c07bd17f633d26053e20
TSID02;SECID;99-Gestao/02-TSIDs/SECID/TSID02/TSID02 - SECID.pdf;55ec3e054753e531676aaa1fda79a4196152b18a4bfbf16b1f9997db300a7aec
TSID02;SECID;99-Gestao/02-TSIDs/SECID/TSID02/ANEXO I - QUESTIONARIO.pdf;ce1a6afceb91cf4d888ba58beaba31ccee10316ade743bbd4f2c2709cdbddb47
TSID02;SECID;99-Gestao/02-TSIDs/SECID/TSID02/ANEXO II - GLOSSARIO.xlsx;a76be3e0156ace2669fa057be463e079e2160f4b3baaaa70c735277137d36dcd
TSID03;SECID;99-Gestao/02-TSIDs/SECID/TSID03/TSID03 - CIDADES.pdf;fc8532bb1512ced220f1e08b8632a3e25db5d00e619bea3ca309dd79597ceb6d
TSID03;SECID;99-Gestao/02-TSIDs/SECID/TSID03/Comentarios do Gestor - SECID.pdf;fd311f5bc5084cd63ed26bcee87f1f2ff75662bbb6c46e528a2842831eef03c1
TSID03;SECID;99-Gestao/02-TSIDs/SECID/TSID03/Relatório Individual Preliminar - SECID.pdf;227b56b60e9ed03b544c7e0bfd71e2600cbbfc22abaa821594a6a180bc17e4a0
TSID01;SECTI;99-Gestao/02-TSIDs/SECTI/TSID01/TSID01 - Estado.docx;3cf1794981467f86dddf92bb383597842da809863327c07bd17f633d26053e20
TSID02;SECTI;99-Gestao/02-TSIDs/SECTI/TSID02/TSID02 - SECTI.pdf;e58831c73064b3c76e621efa7e96f5a979b4f1785229d3499ea4481aa68f77a4
TSID02;SECTI;99-Gestao/02-TSIDs/SECTI/TSID02/ANEXO I - QUESTIONARIO.pdf;ce1a6afceb91cf4d888ba58beaba31ccee10316ade743bbd4f2c2709cdbddb47
TSID02;SECTI;99-Gestao/02-TSIDs/SECTI/TSID02/ANEXO II - GLOSSARIO.xlsx;a76be3e0156ace2669fa057be463e079e2160f4b3baaaa70c735277137d36dcd
TSID03;SECTI;99-Gestao/02-TSIDs/SECTI/TSID03/TSID03 - SECTI.pdf;0a57c3b26f281b53fc78957b051506429bf7ca22828ac0878ce3363126b960ba
TSID03;SECTI;99-Gestao/02-TSIDs/SECTI/TSID03/Comentarios do Gestor - SECTI.pdf;94029d652db91b067e191a583f929b3680614a8d6f32d003968c179be35b834a
TSID03;SECTI;99-Gestao/02-TSIDs/SECTI/TSID03/Relatório Individual Preliminar - SECTI.pdf;084ede013a95f4c9f26c20d890015db5bb980f56e5fad6303d6cb3c7c1e70c55
TSID01;SEDEC;99-Gestao/02-TSIDs/SEDEC/TSID01/TSID01 - Estado.docx;3cf1794981467f86dddf92bb383597842da809863327c07bd17f633d26053e20
TSID02;SEDEC;99-Gestao/02-TSIDs/SEDEC/TSID02/TSID02 - SEDEC.pdf;7bbfb7b12f5400dbb9c99638ff9645dbce68959f464f123cf2390e3df1902541
TSID02;SEDEC;99-Gestao/02-TSIDs/SEDEC/TSID02/ANEXO I - QUESTIONARIO.pdf;ce1a6afceb91cf4d888ba58beaba31ccee10316ade743bbd4f2c2709cdbddb47
TSID02;SEDEC;99-Gestao/02-TSIDs/SEDEC/TSID02/ANEXO II - GLOSSARIO.xlsx;a76be3e0156ace2669fa057be463e079e2160f4b3baaaa70c735277137d36dcd
TSID03;SEDEC;99-Gestao/02-TSIDs/SEDEC/TSID03/TSID03 - SEDEC.pdf;44da71de7d4c9b3f8b81202b1f55fe2d8aed59937f10158643744f6e925de259
TSID03;SEDEC;99-Gestao/02-TSIDs/SEDEC/TSID03/Comentarios do Gestor - SEDEC.pdf;d99a942b77915e4e432b41db28e2e9b396070f419c0f418dcb5197ccf8281ca9
TSID03;SEDEC;99-Gestao/02-TSIDs/SEDEC/TSID03/Relatório Individual Preliminar - SEDEC.pdf;7d5e775c1124a16efd1b3132068c1605c2a219722ca99f44e44ddf489dbbd0ff
TSID01;SEDEICS;99-Gestao/02-TSIDs/SEDEICS/TSID01/TSID01 - Estado.docx;3cf1794981467f86dddf92bb383597842da809863327c07bd17f633d26053e20
TSID02;SEDEICS;99-Gestao/02-TSIDs/SEDEICS/TSID02/TSID02 - SEDEICS.pdf;25e9a96d8b9ca4cf8e77f610e08114b26e3248dc81a60fdcfc04569fe3ace310
TSID02;SEDEICS;99-Gestao/02-TSIDs/SEDEICS/TSID02/ANEXO I - QUESTIONARIO.pdf;ce1a6afceb91cf4d888ba58beaba31ccee10316ade743bbd4f2c2709cdbddb47
TSID02;SEDEICS;99-Gestao/02-TSIDs/SEDEICS/TSID02/ANEXO II - GLOSSARIO.xlsx;a76be3e0156ace2669fa057be463e079e2160f4b3baaaa70c735277137d36dcd
TSID03;SEDEICS;99-Gestao/02-TSIDs/SEDEICS/TSID03/TSID03 - SEDEICS.pdf;adc326b3257e062615d764c8e591406325429c8990ce0bceea28d39ce180dae1
TSID03;SEDEICS;99-Gestao/02-TSIDs/SEDEICS/TSID03/Comentarios do Gestor - SEDEICS.pdf;b24aabcad7dc596a240778c314869b99332710f052a5e1115b77bd138667ffd4
TSID03;SEDEICS;99-Gestao/02-TSIDs/SEDEICS/TSID03/Relatório Individual Preliminar - SEDEICS.pdf;4edaf9de6da07866d2fbf39210d07e8f8abbedb43123cffc110f3e8ba966cffe
TSID01;SEDSDH;99-Gestao/02-TSIDs/SEDSDH/TSID01/TSID01 - Estado.docx;3cf1794981467f86dddf92bb383597842da809863327c07bd17f633d26053e20
TSID02;SEDSDH;99-Gestao/02-TSIDs/SEDSDH/TSID02/TSID02 - SEDSDH.pdf;f8e25e0d7dc1069517665f7299a73b2111ff1193d8450b89c13cc11b203244a6
TSID02;SEDSDH;99-Gestao/02-TSIDs/SEDSDH/TSID02/ANEXO I - QUESTIONARIO.pdf;ce1a6afceb91cf4d888ba58beaba31ccee10316ade743bbd4f2c2709cdbddb47
TSID02;SEDSDH;99-Gestao/02-TSIDs/SEDSDH/TSID02/ANEXO II - GLOSSARIO.xlsx;a76be3e0156ace2669fa057be463e079e2160f4b3baaaa70c735277137d36dcd
TSID03;SEDSDH;99-Gestao/02-TSIDs/SEDSDH/TSID03/TSID03 - SEDSDH.pdf;0135626348474c0317a1f96206e1a8e618b1af86b459a5659b762af8fcb826b9
TSID03;SEDSDH;99-Gestao/02-TSIDs/SEDSDH/TSID03/Comentarios do Gestor - SEDSDH.pdf;d0f97636574d5a277ef65b6e170f0e9526c2541b5453714dd5636dd62ae7aa84
TSID03;SEDSDH;99-Gestao/02-TSIDs/SEDSDH/TSID03/Relatório Individual Preliminar - SEDSDH.pdf;7fa7af3b85dd1cdc78dc3b5441a89ddafa9c8d0ebf78326c0e9457a138050f59
TSID01;SEEDUC;99-Gestao/02-TSIDs/SEEDUC/TSID01/TSID01 - Estado.docx;3cf1794981467f86dddf92bb383597842da809863327c07bd17f633d26053e20
TSID02;SEEDUC;99-Gestao/02-TSIDs/SEEDUC/TSID02/TSID02 - SEEDUC.pdf;ca658027992862c34f1ceceb6f651ed7271be941a58011448d858f4c934c9e75
TSID02;SEEDUC;99-Gestao/02-TSIDs/SEEDUC/TSID02/ANEXO I - QUESTIONARIO.pdf;ce1a6afceb91cf4d888ba58beaba31ccee10316ade743bbd4f2c2709cdbddb47
TSID02;SEEDUC;99-Gestao/02-TSIDs/SEEDUC/TSID02/ANEXO II - GLOSSARIO.xlsx;a76be3e0156ace2669fa057be463e079e2160f4b3baaaa70c735277137d36dcd
TSID03;SEEDUC;99-Gestao/02-TSIDs/SEEDUC/TSID03/TSID03 - SEEDUC.pdf;d1a6944edc983b50baec7663c7a58027626d105e5be00e68c04c4ddb471d77f5
TSID03;SEEDUC;99-Gestao/02-TSIDs/SEEDUC/TSID03/Comentarios do Gestor - SEEDUC.pdf;9cb0c4e16252fe859c9095e8f9fb707e1873fbe1e6821bfffa9745beed3fb34c
TSID03;SEEDUC;99-Gestao/02-TSIDs/SEEDUC/TSID03/Relatório Individual Preliminar - SEEDUC.pdf;3026f1072f6ddcc53dbbe72d341e66e8fdfd9ab45579aa4625914ee1f73b5e1b
TSID01;SEEL;99-Gestao/02-TSIDs/SEEL/TSID01/TSID01 - Estado.docx;3cf1794981467f86dddf92bb383597842da809863327c07bd17f633d26053e20
TSID02;SEEL;99-Gestao/02-TSIDs/SEEL/TSID02/TSID02 - SEEL.pdf;bae365b21b4e7fb69502f3d2c113351c0fa9bf7e8860675ce6c087455bcf2501
TSID02;SEEL;99-Gestao/02-TSIDs/SEEL/TSID02/ANEXO I - QUESTIONARIO.pdf;ce1a6afceb91cf4d888ba58beaba31ccee10316ade743bbd4f2c2709cdbddb47
TSID02;SEEL;99-Gestao/02-TSIDs/SEEL/TSID02/ANEXO II - GLOSSARIO.xlsx;a76be3e0156ace2669fa057be463e079e2160f4b3baaaa70c735277137d36dcd
TSID03;SEEL;99-Gestao/02-TSIDs/SEEL/TSID03/TSID03 - ESPORTE.pdf;27e594198efeef907f4c441d7125e9ff28dea7620e02ed0b36e86fd4eec7ce4c
TSID03;SEEL;99-Gestao/02-TSIDs/SEEL/TSID03/Comentarios do Gestor - SEEL.pdf;52c35a0c51b7492932538dc6c7b4b0d0521aa1a24502d8e9c85464e0ffff5931
TSID03;SEEL;99-Gestao/02-TSIDs/SEEL/TSID03/Relatório Individual Preliminar - SEEL.pdf;0bee660fd88ff225626bc9ea58ca8aca514d50338f677bd6d9104190a21ad8f7
TSID01;SEENEMAR;99-Gestao/02-TSIDs/SEENEMAR/TSID01/TSID01 - Estado.docx;3cf1794981467f86dddf92bb383597842da809863327c07bd17f633d26053e20
TSID02;SEENEMAR;99-Gestao/02-TSIDs/SEENEMAR/TSID02/TSID02 - SEENEMAR.pdf;e68e13536edde50ea9be3db3b6bd7ce32ad955791e019d9e0958dc147c4f255d
TSID02;SEENEMAR;99-Gestao/02-TSIDs/SEENEMAR/TSID02/ANEXO I - QUESTIONARIO.pdf;ce1a6afceb91cf4d888ba58beaba31ccee10316ade743bbd4f2c2709cdbddb47
TSID02;SEENEMAR;99-Gestao/02-TSIDs/SEENEMAR/TSID02/ANEXO II - GLOSSARIO.xlsx;a76be3e0156ace2669fa057be463e079e2160f4b3baaaa70c735277137d36dcd
TSID03;SEENEMAR;99-Gestao/02-TSIDs/SEENEMAR/TSID03/TSID03 - SEENEMAR.pdf;afc71b1969d640a4b38ae8062ef89d59decc7d4f39375ae38773680798bd7219
TSID03;SEENEMAR;99-Gestao/02-TSIDs/SEENEMAR/TSID03/Comentarios do Gestor - SEENEMAR.pdf;9c364194051c6a08ba30882f92b325d0591a9577893ab1cace7d55dc37dfc417
TSID03;SEENEMAR;99-Gestao/02-TSIDs/SEENEMAR/TSID03/Relatório Individual Preliminar - SEENEMAR.pdf;5121d2a3b89fc506f4dfd9cac62aebf66ab52293c6df5003b8bf3bc340a9dd14
TSID01;SEFAZ;99-Gestao/02-TSIDs/SEFAZ/TSID01/TSID01 - Estado.docx;3cf1794981467f86dddf92bb383597842da809863327c07bd17f633d26053e20
TSID02;SEFAZ;99-Gestao/02-TSIDs/SEFAZ/TSID02/TSID02 - SEFAZ.pdf;22d4fa485b59c18851d18eb6fd639559da78572fe3e3a2cce1227ae39679f83b
TSID02;SEFAZ;99-Gestao/02-TSIDs/SEFAZ/TSID02/ANEXO I - QUESTIONARIO.pdf;ce1a6afceb91cf4d888ba58beaba31ccee10316ade743bbd4f2c2709cdbddb47
TSID02;SEFAZ;99-Gestao/02-TSIDs/SEFAZ/TSID02/ANEXO II - GLOSSARIO.xlsx;a76be3e0156ace2669fa057be463e079e2160f4b3baaaa70c735277137d36dcd
TSID03;SEFAZ;99-Gestao/02-TSIDs/SEFAZ/TSID03/TSID03 - SEFAZ.pdf;8c89e594264287450a496b77f43a81a289c242841aaf1c0049181a896248aacf
TSID03;SEFAZ;99-Gestao/02-TSIDs/SEFAZ/TSID03/Comentarios do Gestor - SEFAZ.pdf;1c51460f919b34cb78a692b4365c421db7e6a412199b6013db5fd41b37662876
TSID03;SEFAZ;99-Gestao/02-TSIDs/SEFAZ/TSID03/Relatório Individual Preliminar - SEFAZ.pdf;1f9855b7ece7c7e7e92746c567b9ee08af74b87dc695d8951c1f86b9d71b14c9
TSID01;SEGOV;99-Gestao/02-TSIDs/SEGOV/TSID01/TSID01 - Estado.docx;3cf1794981467f86dddf92bb383597842da809863327c07bd17f633d26053e20
TSID02;SEGOV;99-Gestao/02-TSIDs/SEGOV/TSID02/TSID02 - SEGOV.pdf;642217ab685370a65357fd1983402235895d9e0ba5248bedab56c366af880a40
TSID02;SEGOV;99-Gestao/02-TSIDs/SEGOV/TSID02/ANEXO I - QUESTIONARIO.pdf;ce1a6afceb91cf4d888ba58beaba31ccee10316ade743bbd4f2c2709cdbddb47
TSID02;SEGOV;99-Gestao/02-TSIDs/SEGOV/TSID02/ANEXO II - GLOSSARIO.xlsx;a76be3e0156ace2669fa057be463e079e2160f4b3baaaa70c735277137d36dcd
TSID03;SEGOV;99-Gestao/02-TSIDs/SEGOV/TSID03/TSID03 - SEGOV.pdf;77c65d9ff87f5c6a9e3cfd011cee443890addf3f499d921cea494a407ac42b8d
TSID03;SEGOV;99-Gestao/02-TSIDs/SEGOV/TSID03/Comentarios do Gestor - SEGOV.pdf;d3ecb134e040d212f32b5f0dc92eb39445e504b99c4527017e24873e809ef1e4
TSID03;SEGOV;99-Gestao/02-TSIDs/SEGOV/TSID03/Relatório Individual Preliminar - SEGOV.pdf;e81bb91657329e55a9fa762b517cfbff58291e7d8065fa31ec7f650697511d4c
TSID01;SEHAB;99-Gestao/02-TSIDs/SEHAB/TSID01/TSID01 - Estado.docx;3cf1794981467f86dddf92bb383597842da809863327c07bd17f633d26053e20
TSID02;SEHAB;99-Gestao/02-TSIDs/SEHAB/TSID02/TSID02 - SEHAB.pdf;42508d8ced3578e77bcc8a874fb1c1f5fa4df137c0df70b602cd7713eb041275
TSID02;SEHAB;99-Gestao/02-TSIDs/SEHAB/TSID02/ANEXO I - QUESTIONARIO.pdf;ce1a6afceb91cf4d888ba58beaba31ccee10316ade743bbd4f2c2709cdbddb47
TSID02;SEHAB;99-Gestao/02-TSIDs/SEHAB/TSID02/ANEXO II - GLOSSARIO.xlsx;a76be3e0156ace2669fa057be463e079e2160f4b3baaaa70c735277137d36dcd
TSID03;SEHAB;99-Gestao/02-TSIDs/SEHAB/TSID03/TSID03 - SEHAB.pdf;b1edb5ff6fd8b76b039fd6dbccb52a8581da0b8fe002c653bd3342270ce410f5
TSID03;SEHAB;99-Gestao/02-TSIDs/SEHAB/TSID03/Comentarios do Gestor - SEHAB.pdf;faea49c8597b8bf8d1203995e0524ad62484681efd0d876dbf90a2bebb26034c
TSID03;SEHAB;99-Gestao/02-TSIDs/SEHAB/TSID03/Relatório Individual Preliminar - SEHAB.pdf;e9c678f297ec314b506dc6a02eebe80979ba6621bacf38497fee6a0078027e2a
TSID01;SEIJES;99-Gestao/02-TSIDs/SEIJES/TSID01/TSID01 - Estado.docx;3cf1794981467f86dddf92bb383597842da809863327c07bd17f633d26053e20
TSID02;SEIJES;99-Gestao/02-TSIDs/SEIJES/TSID02/TSID02 - SEIJES.pdf;7843e060e585b6b2f3c3300bac998ccbbe7120066d4f4d7de15db1a0b7875200
TSID02;SEIJES;99-Gestao/02-TSIDs/SEIJES/TSID02/ANEXO I - QUESTIONARIO.pdf;ce1a6afceb91cf4d888ba58beaba31ccee10316ade743bbd4f2c2709cdbddb47
TSID02;SEIJES;99-Gestao/02-TSIDs/SEIJES/TSID02/ANEXO II - GLOSSARIO.xlsx;a76be3e0156ace2669fa057be463e079e2160f4b3baaaa70c735277137d36dcd
TSID03;SEIJES;99-Gestao/02-TSIDs/SEIJES/TSID03/TSID03 - SEIJES.pdf;a7cd9c67a97868fc063232e592b3f108af26183e7219fc35c77464a11b043cd5
TSID03;SEIJES;99-Gestao/02-TSIDs/SEIJES/TSID03/Comentarios do Gestor - SEIJES.pdf;7459b7db17b8232e770532a1d7e3c9d10472e557d1057007de2388e13d6ea739
TSID03;SEIJES;99-Gestao/02-TSIDs/SEIJES/TSID03/Relatório Individual Preliminar - SEIJES.pdf;ad9c7ed69b5ba4ab87d3f3309c756cd91c4811183feac3531cce47ec88ee8424
TSID01;SEINFRA;99-Gestao/02-TSIDs/SEINFRA/TSID01/TSID01 - Estado.docx;3cf1794981467f86dddf92bb383597842da809863327c07bd17f633d26053e20
TSID02;SEINFRA;99-Gestao/02-TSIDs/SEINFRA/TSID02/TSID02 - SEINFRA.pdf;16ef31327cd523ae1870f8654e4dcc478a630883b7ea7b6231cdb1e3364ea5d1
TSID02;SEINFRA;99-Gestao/02-TSIDs/SEINFRA/TSID02/ANEXO I - QUESTIONARIO.pdf;ce1a6afceb91cf4d888ba58beaba31ccee10316ade743bbd4f2c2709cdbddb47
TSID02;SEINFRA;99-Gestao/02-TSIDs/SEINFRA/TSID02/ANEXO II - GLOSSARIO.xlsx;a76be3e0156ace2669fa057be463e079e2160f4b3baaaa70c735277137d36dcd
TSID03;SEINFRA;99-Gestao/02-TSIDs/SEINFRA/TSID03/TSID03 - SEINFRA.pdf;fa4f0420e529f86743da05dc87b4987ac3cd3bdd2dde70347edaa2037eb4f4ec
TSID03;SEINFRA;99-Gestao/02-TSIDs/SEINFRA/TSID03/Comentarios do Gestor - SEINFRA.pdf;0a5007e539df1aaf7a52ce74ef4db3f37eda4a339e6b5ae817c7b7d8d8fb963f
TSID03;SEINFRA;99-Gestao/02-TSIDs/SEINFRA/TSID03/Relatório Individual Preliminar - SEINFRA.pdf;06359166836e652d467cb190c04f5203cf3a26d7df2966b4df5ffee8f875c97a
TSID01;SEPLAG;99-Gestao/02-TSIDs/SEPLAG/TSID01/TSID01 - Estado.docx;3cf1794981467f86dddf92bb383597842da809863327c07bd17f633d26053e20
TSID02;SEPLAG;99-Gestao/02-TSIDs/SEPLAG/TSID02/TSID02 - SEPLAG.pdf;677b55470444c3f20a88e1a09c1c9eb4dca9e30d7b2110f1c7a91b0ab560398b
TSID02;SEPLAG;99-Gestao/02-TSIDs/SEPLAG/TSID02/ANEXO I - QUESTIONARIO.pdf;ce1a6afceb91cf4d888ba58beaba31ccee10316ade743bbd4f2c2709cdbddb47
TSID02;SEPLAG;99-Gestao/02-TSIDs/SEPLAG/TSID02/ANEXO II - GLOSSARIO.xlsx;a76be3e0156ace2669fa057be463e079e2160f4b3baaaa70c735277137d36dcd
TSID03;SEPLAG;99-Gestao/02-TSIDs/SEPLAG/TSID03/TSID03 - SEPLAG.pdf;d3864f5a05375cab433cb89b50b1729b24c39d6df41500bcfac3e4538abd88aa
TSID03;SEPLAG;99-Gestao/02-TSIDs/SEPLAG/TSID03/Comentarios do Gestor - SEPLAG.pdf;0e9de5701a3a2b723d0b25f520f2cebf14f9fc6ad4bcbb9df181aa77a0fd549e
TSID03;SEPLAG;99-Gestao/02-TSIDs/SEPLAG/TSID03/Relatório Individual Preliminar - SEPLAG.pdf;4ab25c52c6ddd837e452dcdb874f57a6f5823b0a0a3f28fe47a2d3843f86cacd
TSID01;SEPM;99-Gestao/02-TSIDs/SEPM/TSID01/TSID01 - Estado.docx;3cf1794981467f86dddf92bb383597842da809863327c07bd17f633d26053e20
TSID02;SEPM;99-Gestao/02-TSIDs/SEPM/TSID02/TSID02 - SEPM.pdf;b773d41be4de0f282eebf4cd0660f77ef2ac4e58bea445eda23c9d5557eda9cb
TSID02;SEPM;99-Gestao/02-TSIDs/SEPM/TSID02/ANEXO I - QUESTIONARIO.pdf;ce1a6afceb91cf4d888ba58beaba31ccee10316ade743bbd4f2c2709cdbddb47
TSID02;SEPM;99-Gestao/02-TSIDs/SEPM/TSID02/ANEXO II - GLOSSARIO.xlsx;a76be3e0156ace2669fa057be463e079e2160f4b3baaaa70c735277137d36dcd
TSID03;SEPM;99-Gestao/02-TSIDs/SEPM/TSID03/TSID03 - SEPM.pdf;a9085104e7192eeda9df5d56ca3ffc3df039dd8628d789c11b7b9b03f978082a
TSID03;SEPM;99-Gestao/02-TSIDs/SEPM/TSID03/Comentarios do Gestor - SEPM.pdf;5eb4b5524777fb8010a3d41505688b6cf7ba4bb189a5f19bf0acef90289ecfda
TSID03;SEPM;99-Gestao/02-TSIDs/SEPM/TSID03/Relatório Individual Preliminar - SEPM.pdf;8180b7ff8d90ecf34647ba136f20f94c9ed8a7e64a98e6e795c4b96b5cbb136f
TSID01;SERGB;99-Gestao/02-TSIDs/SERGB/TSID01/TSID01 - Estado.docx;3cf1794981467f86dddf92bb383597842da809863327c07bd17f633d26053e20
TSID02;SERGB;99-Gestao/02-TSIDs/SERGB/TSID02/TSID02 - SERGB.pdf;2e3eaf6a9b596c952e9aadfe6e80379ce67ccf8a6ca86a1ebd92d696f08d2440
TSID02;SERGB;99-Gestao/02-TSIDs/SERGB/TSID02/ANEXO I - QUESTIONARIO.pdf;ce1a6afceb91cf4d888ba58beaba31ccee10316ade743bbd4f2c2709cdbddb47
TSID02;SERGB;99-Gestao/02-TSIDs/SERGB/TSID02/ANEXO II - GLOSSARIO.xlsx;a76be3e0156ace2669fa057be463e079e2160f4b3baaaa70c735277137d36dcd
TSID03;SERGB;99-Gestao/02-TSIDs/SERGB/TSID03/TSID03 - REPREBSB.pdf;2c1bbc4f90b1a66ec5282380a78d96ef5544255133ea333b017a7e7d6f86772a
TSID03;SERGB;99-Gestao/02-TSIDs/SERGB/TSID03/Comentarios do Gestor - SERGB.pdf;d62bcded78ddee1a2fcb391c5423587659d65e2344658f1558d8fec11a84fb21
TSID03;SERGB;99-Gestao/02-TSIDs/SERGB/TSID03/Relatório Individual Preliminar - SERGB.pdf;cbcbc398ee6f79bb9ee470ecd36393585bd6dfbd3a62ad4ea8e3c7bae66292f3
TSID01;SES;99-Gestao/02-TSIDs/SES/TSID01/TSID01 - Estado.docx;3cf1794981467f86dddf92bb383597842da809863327c07bd17f633d26053e20
TSID02;SES;99-Gestao/02-TSIDs/SES/TSID02/TSID02 - SES.pdf;539137491684ace89f72674743d53ec33112e39ffcbeead66a0f70faa2c2a14a
TSID02;SES;99-Gestao/02-TSIDs/SES/TSID02/ANEXO I - QUESTIONARIO.pdf;ce1a6afceb91cf4d888ba58beaba31ccee10316ade743bbd4f2c2709cdbddb47
TSID02;SES;99-Gestao/02-TSIDs/SES/TSID02/ANEXO II - GLOSSARIO.xlsx;a76be3e0156ace2669fa057be463e079e2160f4b3baaaa70c735277137d36dcd
TSID03;SES;99-Gestao/02-TSIDs/SES/TSID03/TSID03 - SES.pdf;890af6254bd745b9f7bf82d5f5947c896d92d72e8b84726068684c9ddec7fa55
TSID03;SES;99-Gestao/02-TSIDs/SES/TSID03/Comentarios do Gestor - SES.pdf;f4a046a6ba548278792204da9a2ddca3ba1c1ab06d9ab51d683bd4967828ee73
TSID03;SES;99-Gestao/02-TSIDs/SES/TSID03/Relatório Individual Preliminar - SES.pdf;d73c29ad1fd8e2ae30a649231a4e6119f8ca69f6d0c5e6a4db4713c23d4b0cf5
TSID01;SETD;99-Gestao/02-TSIDs/SETD/TSID01/TSID01 - Estado.docx;3cf1794981467f86dddf92bb383597842da809863327c07bd17f633d26053e20
TSID02;SETD;99-Gestao/02-TSIDs/SETD/TSID02/TSID02 - SETD.pdf;89931cf0da32035e9f84db0a10dc4d803b7ddde19f2398ea728ec13fc7d20bad
TSID02;SETD;99-Gestao/02-TSIDs/SETD/TSID02/ANEXO I - QUESTIONARIO.pdf;ce1a6afceb91cf4d888ba58beaba31ccee10316ade743bbd4f2c2709cdbddb47
TSID02;SETD;99-Gestao/02-TSIDs/SETD/TSID02/ANEXO II - GLOSSARIO.xlsx;a76be3e0156ace2669fa057be463e079e2160f4b3baaaa70c735277137d36dcd
TSID03;SETD;99-Gestao/02-TSIDs/SETD/TSID03/TSID03 - SETD.pdf;8c20563d01ae92b4df37cba2a31a99cef0a97813ea984513f9bdf7a0638f13db
TSID03;SETD;99-Gestao/02-TSIDs/SETD/TSID03/Comentarios do Gestor - SETD.pdf;ad127b3738ffff6a8d849698d8d94b852210c50b799fd10fe684afc99dad5175
TSID03;SETD;99-Gestao/02-TSIDs/SETD/TSID03/Relatório Individual Preliminar - SETD.pdf;04065726ce48f77ff24ba388737fda7e3f07a62a25bbb0055ed71d2804e319ea
TSID01;SETRAB;99-Gestao/02-TSIDs/SETRAB/TSID01/TSID01 - Estado.docx;3cf1794981467f86dddf92bb383597842da809863327c07bd17f633d26053e20
TSID02;SETRAB;99-Gestao/02-TSIDs/SETRAB/TSID02/TSID02 - SETRAB.pdf;f538e382dab3ad2ff0b85771a9b97ca69f7d5b5943c6396f2cf779e0bdec7614
TSID02;SETRAB;99-Gestao/02-TSIDs/SETRAB/TSID02/ANEXO I - QUESTIONARIO.pdf;ce1a6afceb91cf4d888ba58beaba31ccee10316ade743bbd4f2c2709cdbddb47
TSID02;SETRAB;99-Gestao/02-TSIDs/SETRAB/TSID02/ANEXO II - GLOSSARIO.xlsx;a76be3e0156ace2669fa057be463e079e2160f4b3baaaa70c735277137d36dcd
TSID03;SETRAB;99-Gestao/02-TSIDs/SETRAB/TSID03/TSID03 - TRABALHO.pdf;722d59749a46dd440f4b0cfc23a668ee15d8f5c28395950a77a3f922fda73d82
TSID03;SETRAB;99-Gestao/02-TSIDs/SETRAB/TSID03/Comentarios do Gestor - SETRAB.pdf;e3c1cb1e6c560e267694939858ffd5074f224bb9a9da5132138f6cf2184d98b0
TSID03;SETRAB;99-Gestao/02-TSIDs/SETRAB/TSID03/Relatório Individual Preliminar - SETRAB.pdf;64274c780b8e82026ca461e87b232993b47c65ffacfbe66a9c9a5e4508217f8c
TSID01;SETRANS;99-Gestao/02-TSIDs/SETRANS/TSID01/TSID01 - Estado.docx;3cf1794981467f86dddf92bb383597842da809863327c07bd17f633d26053e20
TSID02;SETRANS;99-Gestao/02-TSIDs/SETRANS/TSID02/TSID02 - SETRANS.pdf;82af9d0f0f782af836c7410f23c415e7a611250a1e9df33220a2e185ed881a32
TSID02;SETRANS;99-Gestao/02-TSIDs/SETRANS/TSID02/ANEXO I - QUESTIONARIO.pdf;ce1a6afceb91cf4d888ba58beaba31ccee10316ade743bbd4f2c2709cdbddb47
TSID02;SETRANS;99-Gestao/02-TSIDs/SETRANS/TSID02/ANEXO II - GLOSSARIO.xlsx;a76be3e0156ace2669fa057be463e079e2160f4b3baaaa70c735277137d36dcd
TSID03;SETRANS;99-Gestao/02-TSIDs/SETRANS/TSID03/TSID03 - SETRANS.pdf;2ef04f48c7cadcf0f7ee6d5aba40c9af28ee5fb7169551f67f53679023b84a34
TSID03;SETRANS;99-Gestao/02-TSIDs/SETRANS/TSID03/Comentarios do Gestor - SETRANS.pdf;a09d90286931ec579a809bdd8369541427814620f5bda78d7462027d71aa136c
TSID03;SETRANS;99-Gestao/02-TSIDs/SETRANS/TSID03/Relatório Individual Preliminar - SETRANS.pdf;2970d633cd581333c761877fd7cd72fcbe9ea03110b6ec45e7840da3318a5048
TSID01;SETUR;99-Gestao/02-TSIDs/SETUR/TSID01/TSID01 - Estado.docx;3cf1794981467f86dddf92bb383597842da809863327c07bd17f633d26053e20
TSID02;SETUR;99-Gestao/02-TSIDs/SETUR/TSID02/TSID02 - SETUR.pdf;50cc568644d9b1c7447b94bbb30783d82c66d41d7219dcece7ddd64488c8afc5
TSID02;SETUR;99-Gestao/02-TSIDs/SETUR/TSID02/ANEXO I - QUESTIONARIO.pdf;ce1a6afceb91cf4d888ba58beaba31ccee10316ade743bbd4f2c2709cdbddb47
TSID02;SETUR;99-Gestao/02-TSIDs/SETUR/TSID02/ANEXO II - GLOSSARIO.xlsx;a76be3e0156ace2669fa057be463e079e2160f4b3baaaa70c735277137d36dcd
TSID03;SETUR;99-Gestao/02-TSIDs/SETUR/TSID03/TSID03 - SETUR.pdf;29a685587c1c0d2d6e4382c7f5e083c944639bb5204c21091172605031b20091
TSID03;SETUR;99-Gestao/02-TSIDs/SETUR/TSID03/Comentarios do Gestor - SETUR.pdf;90d94175028ff10ad2894a0c11afac8e982603798c1e7bc81aba85ec7e3a5128
TSID03;SETUR;99-Gestao/02-TSIDs/SETUR/TSID03/Relatório Individual Preliminar - SETUR.pdf;466e0fa9b7e1319881f2b78d97e8d6995a48136a68182f06c9ec62de56bb4e52
TSID01;SUDERJ;99-Gestao/02-TSIDs/SUDERJ/TSID01/TSID01 - Estado.docx;3cf1794981467f86dddf92bb383597842da809863327c07bd17f633d26053e20
TSID02;SUDERJ;99-Gestao/02-TSIDs/SUDERJ/TSID02/TSID02 - SUDERJ.pdf;0e5ffebf962ebe1f60d25dc77804af948dbe8ac5336735c9837986340658fcb8
TSID02;SUDERJ;99-Gestao/02-TSIDs/SUDERJ/TSID02/ANEXO I - QUESTIONARIO.pdf;ce1a6afceb91cf4d888ba58beaba31ccee10316ade743bbd4f2c2709cdbddb47
TSID02;SUDERJ;99-Gestao/02-TSIDs/SUDERJ/TSID02/ANEXO II - GLOSSARIO.xlsx;a76be3e0156ace2669fa057be463e079e2160f4b3baaaa70c735277137d36dcd
TSID03;SUDERJ;99-Gestao/02-TSIDs/SUDERJ/TSID03/TSID03 - SUDERJ.pdf;500c805221945b6cd0fe7922cf7ad01790fd2b58bbfcd27c620c84762bdac0e6
TSID03;SUDERJ;99-Gestao/02-TSIDs/SUDERJ/TSID03/Comentarios do Gestor - SUDERJ.pdf;7ad1a7f7b0b1aac942c8ab1238c833a752e39cb9e86b0cc23d3f0dfaa3a9439c
TSID03;SUDERJ;99-Gestao/02-TSIDs/SUDERJ/TSID03/Relatório Individual Preliminar - SUDERJ.pdf;e94f516ab250278a85f3c740ac417a3ac6c616734355b34f8509bd7520f38a9b
TSID01;TCE-RJ;99-Gestao/02-TSIDs/TCE-RJ/TSID01/TSID01 - Estado.docx;3cf1794981467f86dddf92bb383597842da809863327c07bd17f633d26053e20
TSID02;TCE-RJ;99-Gestao/02-TSIDs/TCE-RJ/TSID02/TSID02 - TCE-RJ.pdf;f9631396d8eccc2e351d474cb856290204f244c74e629793f410f7429358380f
TSID02;TCE-RJ;99-Gestao/02-TSIDs/TCE-RJ/TSID02/ANEXO I - QUESTIONARIO.pdf;ce1a6afceb91cf4d888ba58beaba31ccee10316ade743bbd4f2c2709cdbddb47
TSID02;TCE-RJ;99-Gestao/02-TSIDs/TCE-RJ/TSID02/ANEXO II - GLOSSARIO.xlsx;a76be3e0156ace2669fa057be463e079e2160f4b3baaaa70c735277137d36dcd
TSID03;TCE-RJ;99-Gestao/02-TSIDs/TCE-RJ/TSID03/TSID03 - TCE-RJ.pdf;43dc821d96ec164353b819236ea9bb79f3b9f59d9744d82d7f849602cf1763fe
TSID03;TCE-RJ;99-Gestao/02-TSIDs/TCE-RJ/TSID03/Comentarios do Gestor - TCE-RJ.pdf;e54355406750adf8a749bae5d7380fc90828e9727e67a0632efec444b7181fbb
TSID03;TCE-RJ;99-Gestao/02-TSIDs/TCE-RJ/TSID03/Relatório Individual Preliminar - TCE-RJ.pdf;6427a400b4996f215924f40c59799b739fa591cfd7a2d550bccf6065c237d17e
TSID01;TJRJ;99-Gestao/02-TSIDs/TJRJ/TSID01/TSID01 - Estado.docx;3cf1794981467f86dddf92bb383597842da809863327c07bd17f633d26053e20
TSID02;TJRJ;99-Gestao/02-TSIDs/TJRJ/TSID02/TSID02 - TJRJ.pdf;eaa6d3ec394883d8378f0796397bda965b81c093bad864905897ecc6585202f3
TSID02;TJRJ;99-Gestao/02-TSIDs/TJRJ/TSID02/ANEXO I - QUESTIONARIO.pdf;ce1a6afceb91cf4d888ba58beaba31ccee10316ade743bbd4f2c2709cdbddb47
TSID02;TJRJ;99-Gestao/02-TSIDs/TJRJ/TSID02/ANEXO II - GLOSSARIO.xlsx;a76be3e0156ace2669fa057be463e079e2160f4b3baaaa70c735277137d36dcd
TSID03;TJRJ;99-Gestao/02-TSIDs/TJRJ/TSID03/TSID03 - TJRJ.pdf;21b86cf8fa8f71c4c23f6df4680e6a667f7bba5023a43d06bbe810686ac4f420
TSID03;TJRJ;99-Gestao/02-TSIDs/TJRJ/TSID03/Comentarios do Gestor - TJRJ.pdf;2ddb69dbc817c1c37509d30404b78f02816308f262dc3e5a1fc1af82c6c099b0
TSID03;TJRJ;99-Gestao/02-TSIDs/TJRJ/TSID03/Relatório Individual Preliminar - TJRJ.pdf;b354361275d541b6b82bf498595b32e34a3deee5f48be8c50efbcfdf32753e5b
TSID01;TURISRIO;99-Gestao/02-TSIDs/TURISRIO/TSID01/TSID01 - Estado.docx;3cf1794981467f86dddf92bb383597842da809863327c07bd17f633d26053e20
TSID02;TURISRIO;99-Gestao/02-TSIDs/TURISRIO/TSID02/TSID02 - TURISRIO.pdf;90c559da037129c8eb897944f856883d6fb7f51a593bde5bca9f1bbc562bfe82
TSID02;TURISRIO;99-Gestao/02-TSIDs/TURISRIO/TSID02/ANEXO I - QUESTIONARIO.pdf;ce1a6afceb91cf4d888ba58beaba31ccee10316ade743bbd4f2c2709cdbddb47
TSID02;TURISRIO;99-Gestao/02-TSIDs/TURISRIO/TSID02/ANEXO II - GLOSSARIO.xlsx;a76be3e0156ace2669fa057be463e079e2160f4b3baaaa70c735277137d36dcd
TSID03;TURISRIO;99-Gestao/02-TSIDs/TURISRIO/TSID03/TSID03 - TURISRIO.pdf;3e4aa363b826041dcd1283e28dc97342f584b08f2f36af0fc703a445d4df1d7a
TSID03;TURISRIO;99-Gestao/02-TSIDs/TURISRIO/TSID03/Comentarios do Gestor - TURISRIO.pdf;e443f9556a52ff05ed8fe630785e2478fe505a61419bc56617f357eb495e081f
TSID03;TURISRIO;99-Gestao/02-TSIDs/TURISRIO/TSID03/Relatório Individual Preliminar - TURISRIO.pdf;ef1f6765ea51880024997cbbef45b71530d174f414f2516a5d1f21a0c21690eb
TSID01;UENF;99-Gestao/02-TSIDs/UENF/TSID01/TSID01 - Estado.docx;3cf1794981467f86dddf92bb383597842da809863327c07bd17f633d26053e20
TSID02;UENF;99-Gestao/02-TSIDs/UENF/TSID02/TSID02 - UENF.pdf;d6431b75411e5757545f0919d3a59a6b6328146434bec155809a2a54aa7886bf
TSID02;UENF;99-Gestao/02-TSIDs/UENF/TSID02/ANEXO I - QUESTIONARIO.pdf;ce1a6afceb91cf4d888ba58beaba31ccee10316ade743bbd4f2c2709cdbddb47
TSID02;UENF;99-Gestao/02-TSIDs/UENF/TSID02/ANEXO II - GLOSSARIO.xlsx;a76be3e0156ace2669fa057be463e079e2160f4b3baaaa70c735277137d36dcd
TSID03;UENF;99-Gestao/02-TSIDs/UENF/TSID03/TSID03 - UENF.pdf;6fe1233c75ef4da2a417dcfda336da70c5fa9cff19de8bec5d5ff615421f5ddf
TSID03;UENF;99-Gestao/02-TSIDs/UENF/TSID03/Comentarios do Gestor - UENF.pdf;9e261fffe500eb90a7a602082905479334791ff8f0c40bb859e6cb8e1c7a79b2
TSID03;UENF;99-Gestao/02-TSIDs/UENF/TSID03/Relatório Individual Preliminar - UENF.pdf;4b98ecea492c67c28aa3e3b47431b9bf52f2c7265ec2822773b34d877e207008
TSID01;UERJ;99-Gestao/02-TSIDs/UERJ/TSID01/TSID01 - Estado.docx;3cf1794981467f86dddf92bb383597842da809863327c07bd17f633d26053e20
TSID02;UERJ;99-Gestao/02-TSIDs/UERJ/TSID02/TSID02 - UERJ.pdf;90bc79b58bf7c82942399423138e48e2e665e89b1066e557d6e45e1eb4f39580
TSID02;UERJ;99-Gestao/02-TSIDs/UERJ/TSID02/ANEXO I - QUESTIONARIO.pdf;ce1a6afceb91cf4d888ba58beaba31ccee10316ade743bbd4f2c2709cdbddb47
TSID02;UERJ;99-Gestao/02-TSIDs/UERJ/TSID02/ANEXO II - GLOSSARIO.xlsx;a76be3e0156ace2669fa057be463e079e2160f4b3baaaa70c735277137d36dcd
TSID03;UERJ;99-Gestao/02-TSIDs/UERJ/TSID03/TSID03 - UERJ.pdf;77278b567d679b66082fe4cec4e6990206c69001fd7ad4e196778ae27c23d3fb
TSID03;UERJ;99-Gestao/02-TSIDs/UERJ/TSID03/Comentarios do Gestor - UERJ.pdf;aaf35fa498d1c027ab68c5bb5d2b63fbd6de8cbf3c9448d2e74e4eda2a43ad06
TSID03;UERJ;99-Gestao/02-TSIDs/UERJ/TSID03/Relatório Individual Preliminar - UERJ.pdf;c95c10eeceeea42bbbeaef8051205aa8ac8f20a64be3ce393543d915e47637d5
TSID01;ANGRA DOS REIS;99-Gestao/02-TSIDs/ANGRA DOS REIS/TSID01/TSID01 - Prefeituras.docx;22ee2ac3c7458c1075d9a6628cee9918c0ddbac1cf4acd625e3d98d49209bc2c
TSID01;ANGRA DOS REIS;99-Gestao/02-TSIDs/ANGRA DOS REIS/TSID01/TSID01 - Prefeituras.pdf;ac4be4b7c8db52eab39ffaaa8828f59c147c57a89710c08520e1e82b0f26eb9b
TSID02;ANGRA DOS REIS;99-Gestao/02-TSIDs/ANGRA DOS REIS/TSID02/TSID02 - ANGRA DOS REIS.pdf;471f2f8d8cf357aa550dd677ed86678bd157380ac891b5564527b80e20a6140a
TSID02;ANGRA DOS REIS;99-Gestao/02-TSIDs/ANGRA DOS REIS/TSID02/ANEXO I - QUESTIONARIO.pdf;ce1a6afceb91cf4d888ba58beaba31ccee10316ade743bbd4f2c2709cdbddb47
TSID02;ANGRA DOS REIS;99-Gestao/02-TSIDs/ANGRA DOS REIS/TSID02/ANEXO II - GLOSSARIO.xlsx;a76be3e0156ace2669fa057be463e079e2160f4b3baaaa70c735277137d36dcd
TSID03;ANGRA DOS REIS;99-Gestao/02-TSIDs/ANGRA DOS REIS/TSID03/TSID03 - ANGRA DOS REIS.pdf;406cb309b3a47749d87d347a2b466c09f68b3278a679b4f5984eeb596f451db8
TSID03;ANGRA DOS REIS;99-Gestao/02-TSIDs/ANGRA DOS REIS/TSID03/Comentarios do Gestor - ANGRA DOS REIS.pdf;e2b9fc8a098a856070a43e8c2d39ffd8198622740f0867cb54c8a77f8c1feaa1
TSID03;ANGRA DOS REIS;99-Gestao/02-TSIDs/ANGRA DOS REIS/TSID03/Relatório Individual Preliminar - ANGRA DOS REIS.pdf;86a099671594dcf4ea12e04a06d2e0f93cc050fa241d12344f7390625b27e6e7
TSID01;ARARUAMA;99-Gestao/02-TSIDs/ARARUAMA/TSID01/TSID01 - Prefeituras.docx;22ee2ac3c7458c1075d9a6628cee9918c0ddbac1cf4acd625e3d98d49209bc2c
TSID01;ARARUAMA;99-Gestao/02-TSIDs/ARARUAMA/TSID01/TSID01 - Prefeituras.pdf;ac4be4b7c8db52eab39ffaaa8828f59c147c57a89710c08520e1e82b0f26eb9b
TSID02;ARARUAMA;99-Gestao/02-TSIDs/ARARUAMA/TSID02/TSID02 - ARARUAMA.pdf;ac39c044533bc599a6bad88a48b0e8caba6fc2e962d256026c1a85aea2909a82
TSID02;ARARUAMA;99-Gestao/02-TSIDs/ARARUAMA/TSID02/ANEXO I - QUESTIONARIO.pdf;ce1a6afceb91cf4d888ba58beaba31ccee10316ade743bbd4f2c2709cdbddb47
TSID02;ARARUAMA;99-Gestao/02-TSIDs/ARARUAMA/TSID02/ANEXO II - GLOSSARIO.xlsx;a76be3e0156ace2669fa057be463e079e2160f4b3baaaa70c735277137d36dcd
TSID03;ARARUAMA;99-Gestao/02-TSIDs/ARARUAMA/TSID03/TSID03 - ARARUAMA.pdf;82a58867e661a32da5d8365f60143ce7f99b082c8c8138b2fcdc45a89a51a32b
TSID03;ARARUAMA;99-Gestao/02-TSIDs/ARARUAMA/TSID03/Comentarios do Gestor - ARARUAMA.pdf;6169bd8eb4227c5df0f86a01abc98d6fd123ee2b66055becab872113678376cf
TSID03;ARARUAMA;99-Gestao/02-TSIDs/ARARUAMA/TSID03/Relatório Individual Preliminar - ARARUAMA.pdf;2b048bf5401938e3937f2e61b9338a47a4cc2ab229c08fabdbf5becfeafe6594
TSID01;ARMAÇÃO DOS BÚZIOS;99-Gestao/02-TSIDs/ARMAÇÃO DOS BÚZIOS/TSID01/TSID01 - Prefeituras.docx;22ee2ac3c7458c1075d9a6628cee9918c0ddbac1cf4acd625e3d98d49209bc2c
TSID01;ARMAÇÃO DOS BÚZIOS;99-Gestao/02-TSIDs/ARMAÇÃO DOS BÚZIOS/TSID01/TSID01 - Prefeituras.pdf;ac4be4b7c8db52eab39ffaaa8828f59c147c57a89710c08520e1e82b0f26eb9b
TSID02;ARMAÇÃO DOS BÚZIOS;99-Gestao/02-TSIDs/ARMAÇÃO DOS BÚZIOS/TSID02/TSID02 - ARMAÇÃO DOS BÚZIOS.pdf;942ac2225e6fc49be3879e3116f9f0e73c3ab703cd41a72870b9398d954a9e5e
TSID02;ARMAÇÃO DOS BÚZIOS;99-Gestao/02-TSIDs/ARMAÇÃO DOS BÚZIOS/TSID02/ANEXO I - QUESTIONARIO.pdf;ce1a6afceb91cf4d888ba58beaba31ccee10316ade743bbd4f2c2709cdbddb47
TSID02;ARMAÇÃO DOS BÚZIOS;99-Gestao/02-TSIDs/ARMAÇÃO DOS BÚZIOS/TSID02/ANEXO II - GLOSSARIO.xlsx;a76be3e0156ace2669fa057be463e079e2160f4b3baaaa70c735277137d36dcd
TSID03;ARMAÇÃO DOS BÚZIOS;99-Gestao/02-TSIDs/ARMAÇÃO DOS BÚZIOS/TSID03/TSID03 - ARMAÇÃO DOS BÚZIOS.pdf;2b98f22190de3586ff3205d31c6b01b43c5d172048a5d36a6ef9bd867db94212
TSID03;ARMAÇÃO DOS BÚZIOS;99-Gestao/02-TSIDs/ARMAÇÃO DOS BÚZIOS/TSID03/Comentarios do Gestor - ARMAÇÃO DOS BÚZIOS.pdf;2763a6f6fdc2cec8c3b4279491fa9be97f5f0404c0926cc278cd8a4ffac1f551
TSID03;ARMAÇÃO DOS BÚZIOS;99-Gestao/02-TSIDs/ARMAÇÃO DOS BÚZIOS/TSID03/Relatório Individual Preliminar - ARMAÇÃO DOS BÚZIOS.pdf;c9f13232fb5af59c4e932499350e7c47124d6867dfcc8d8e03bf0d3d3a756d09
TSID01;ARRAIAL DO CABO;99-Gestao/02-TSIDs/ARRAIAL DO CABO/TSID01/TSID01 - Prefeituras.docx;22ee2ac3c7458c1075d9a6628cee9918c0ddbac1cf4acd625e3d98d49209bc2c
TSID01;ARRAIAL DO CABO;99-Gestao/02-TSIDs/ARRAIAL DO CABO/TSID01/TSID01 - Prefeituras.pdf;ac4be4b7c8db52eab39ffaaa8828f59c147c57a89710c08520e1e82b0f26eb9b
TSID02;ARRAIAL DO CABO;99-Gestao/02-TSIDs/ARRAIAL DO CABO/TSID02/TSID02 - ARRAIAL DO CABO.pdf;1f34c0599dd04f0bddfeb2d771ff3394e128f19e351f688b9f1c0c7d697af744
TSID02;ARRAIAL DO CABO;99-Gestao/02-TSIDs/ARRAIAL DO CABO/TSID02/ANEXO I - QUESTIONARIO.pdf;ce1a6afceb91cf4d888ba58beaba31ccee10316ade743bbd4f2c2709cdbddb47
TSID02;ARRAIAL DO CABO;99-Gestao/02-TSIDs/ARRAIAL DO CABO/TSID02/ANEXO II - GLOSSARIO.xlsx;a76be3e0156ace2669fa057be463e079e2160f4b3baaaa70c735277137d36dcd
TSID03;ARRAIAL DO CABO;99-Gestao/02-TSIDs/ARRAIAL DO CABO/TSID03/TSID03 - ARRAIAL DO CABO.pdf;77ba10b3e168d1e9da5c410ae47a68c4debd4b67b8afc389969f07847ccf00b8
TSID03;ARRAIAL DO CABO;99-Gestao/02-TSIDs/ARRAIAL DO CABO/TSID03/Comentarios do Gestor - ARRAIAL DO CABO.pdf;b92c8c8da34df531dc0355047b8394c290b198077ab9fc302c3a3ebd9dde5731
TSID03;ARRAIAL DO CABO;99-Gestao/02-TSIDs/ARRAIAL DO CABO/TSID03/Relatório Individual Preliminar - ARRAIAL DO CABO.pdf;9337edf3962d895fdab49620864b6673ead58385c03a5983fe9eac9499b73e53
TSID01;BARRA DO PIRAÍ;99-Gestao/02-TSIDs/BARRA DO PIRAÍ/TSID01/TSID01 - Prefeituras.docx;22ee2ac3c7458c1075d9a6628cee9918c0ddbac1cf4acd625e3d98d49209bc2c
TSID01;BARRA DO PIRAÍ;99-Gestao/02-TSIDs/BARRA DO PIRAÍ/TSID01/TSID01 - Prefeituras.pdf;ac4be4b7c8db52eab39ffaaa8828f59c147c57a89710c08520e1e82b0f26eb9b
TSID02;BARRA DO PIRAÍ;99-Gestao/02-TSIDs/BARRA DO PIRAÍ/TSID02/TSID02 - BARRA DO PIRAÍ.pdf;a437fddec4916b4ae5fd17c89de6036596b0b27929439a134eb3416a5cd33087
TSID02;BARRA DO PIRAÍ;99-Gestao/02-TSIDs/BARRA DO PIRAÍ/TSID02/ANEXO I - QUESTIONARIO.pdf;ce1a6afceb91cf4d888ba58beaba31ccee10316ade743bbd4f2c2709cdbddb47
TSID02;BARRA DO PIRAÍ;99-Gestao/02-TSIDs/BARRA DO PIRAÍ/TSID02/ANEXO II - GLOSSARIO.xlsx;a76be3e0156ace2669fa057be463e079e2160f4b3baaaa70c735277137d36dcd
TSID03;BARRA DO PIRAÍ;99-Gestao/02-TSIDs/BARRA DO PIRAÍ/TSID03/TSID03 - BARRA DO PIRAÍ.pdf;55c61835d312751c028c8b23bd1be05bd94c63593a97d7bc995239536e92f599
TSID03;BARRA DO PIRAÍ;99-Gestao/02-TSIDs/BARRA DO PIRAÍ/TSID03/Comentarios do Gestor - BARRA DO PIRAÍ.pdf;e2895e6544526c3f5996f2a99307cdea6a23e97fe9a77ba8d377ae876b155aa7
TSID03;BARRA DO PIRAÍ;99-Gestao/02-TSIDs/BARRA DO PIRAÍ/TSID03/Relatório Individual Preliminar - BARRA DO PIRAÍ.pdf;15ed5d4f8b341da75263a6bdfd97b6b80bdc237d79b853e72757d48e0abd6821
TSID01;BELFORD ROXO;99-Gestao/02-TSIDs/BELFORD ROXO/TSID01/TSID01 - Prefeituras.docx;22ee2ac3c7458c1075d9a6628cee9918c0ddbac1cf4acd625e3d98d49209bc2c
TSID01;BELFORD ROXO;99-Gestao/02-TSIDs/BELFORD ROXO/TSID01/TSID01 - Prefeituras.pdf;ac4be4b7c8db52eab39ffaaa8828f59c147c57a89710c08520e1e82b0f26eb9b
TSID02;BELFORD ROXO;99-Gestao/02-TSIDs/BELFORD ROXO/TSID02/TSID02 - BELFORD ROXO.pdf;fe8f5b2a0386ab2627c29d985731d38051c4a908595b476a4a0701d60e6e6c80
TSID02;BELFORD ROXO;99-Gestao/02-TSIDs/BELFORD ROXO/TSID02/ANEXO I - QUESTIONARIO.pdf;ce1a6afceb91cf4d888ba58beaba31ccee10316ade743bbd4f2c2709cdbddb47
TSID02;BELFORD ROXO;99-Gestao/02-TSIDs/BELFORD ROXO/TSID02/ANEXO II - GLOSSARIO.xlsx;a76be3e0156ace2669fa057be463e079e2160f4b3baaaa70c735277137d36dcd
TSID03;BELFORD ROXO;99-Gestao/02-TSIDs/BELFORD ROXO/TSID03/TSID03 - BELFORD ROXO.pdf;2cdfb84c0c096309255f3ad83c8a31f36d6a1814898125ebc0aaa600640fae4e
TSID03;BELFORD ROXO;99-Gestao/02-TSIDs/BELFORD ROXO/TSID03/Comentarios do Gestor - BELFORD ROXO.pdf;0c371ab486be04fdf0c9e8463d73d18d6f7cec9d04c5e3c0d87d94a0b6338ff1
TSID03;BELFORD ROXO;99-Gestao/02-TSIDs/BELFORD ROXO/TSID03/Relatório Individual Preliminar - BELFORD ROXO.pdf;04c9ef1c739c8837b8740587f64ca7b6acdd3de8e452539788b897c9d34e1722
TSID01;CABO FRIO;99-Gestao/02-TSIDs/CABO FRIO/TSID01/TSID01 - Prefeituras.docx;22ee2ac3c7458c1075d9a6628cee9918c0ddbac1cf4acd625e3d98d49209bc2c
TSID01;CABO FRIO;99-Gestao/02-TSIDs/CABO FRIO/TSID01/TSID01 - Prefeituras.pdf;ac4be4b7c8db52eab39ffaaa8828f59c147c57a89710c08520e1e82b0f26eb9b
TSID02;CABO FRIO;99-Gestao/02-TSIDs/CABO FRIO/TSID02/TSID02 - CABO FRIO.pdf;0404d8c888ef129bf7333a8384a0f0d3d391e1f438dbfa2407eead0db8af3c1d
TSID02;CABO FRIO;99-Gestao/02-TSIDs/CABO FRIO/TSID02/ANEXO I - QUESTIONARIO.pdf;ce1a6afceb91cf4d888ba58beaba31ccee10316ade743bbd4f2c2709cdbddb47
TSID02;CABO FRIO;99-Gestao/02-TSIDs/CABO FRIO/TSID02/ANEXO II - GLOSSARIO.xlsx;a76be3e0156ace2669fa057be463e079e2160f4b3baaaa70c735277137d36dcd
TSID03;CABO FRIO;99-Gestao/02-TSIDs/CABO FRIO/TSID03/TSID03 - CABO FRIO.pdf;15b622f8c8985d884df908f064c0056edb68c935b0baba70d10304ad7508723d
TSID03;CABO FRIO;99-Gestao/02-TSIDs/CABO FRIO/TSID03/Comentarios do Gestor - CABO FRIO.pdf;87a951dc601ce94fe61e954736694d50efd5aada8919344e14b8285c004abd09
TSID03;CABO FRIO;99-Gestao/02-TSIDs/CABO FRIO/TSID03/Relatório Individual Preliminar - CABO FRIO.pdf;8e27957113fab544a9bf50bae7e400e21caa53c4ffd1de1d1620029977db13cb
TSID01;CAMPOS DOS GOYTACAZES;99-Gestao/02-TSIDs/CAMPOS DOS GOYTACAZES/TSID01/TSID01 - Prefeituras.docx;22ee2ac3c7458c1075d9a6628cee9918c0ddbac1cf4acd625e3d98d49209bc2c
TSID01;CAMPOS DOS GOYTACAZES;99-Gestao/02-TSIDs/CAMPOS DOS GOYTACAZES/TSID01/TSID01 - Prefeituras.pdf;ac4be4b7c8db52eab39ffaaa8828f59c147c57a89710c08520e1e82b0f26eb9b
TSID02;CAMPOS DOS GOYTACAZES;99-Gestao/02-TSIDs/CAMPOS DOS GOYTACAZES/TSID02/TSID02 - CAMPOS DOS GOYTACAZES.pdf;ca7fb459b9e97717b2788b056551945a36ee5fd3940f9244ac78249de8d4a4f4
TSID02;CAMPOS DOS GOYTACAZES;99-Gestao/02-TSIDs/CAMPOS DOS GOYTACAZES/TSID02/ANEXO I - QUESTIONARIO.pdf;ce1a6afceb91cf4d888ba58beaba31ccee10316ade743bbd4f2c2709cdbddb47
TSID02;CAMPOS DOS GOYTACAZES;99-Gestao/02-TSIDs/CAMPOS DOS GOYTACAZES/TSID02/ANEXO II - GLOSSARIO.xlsx;a76be3e0156ace2669fa057be463e079e2160f4b3baaaa70c735277137d36dcd
TSID03;CAMPOS DOS GOYTACAZES;99-Gestao/02-TSIDs/CAMPOS DOS GOYTACAZES/TSID03/TSID03 - CAMPOS DOS GOYTACAZES.pdf;36cbf9e8fbe9a5288402884e58a870dba02e1dd250e13d81baec4bca4d6c002d
TSID03;CAMPOS DOS GOYTACAZES;99-Gestao/02-TSIDs/CAMPOS DOS GOYTACAZES/TSID03/Comentarios do Gestor - CAMPOS DOS GOYTACAZES.pdf;0e985837a80ad59f211324c6a6210533e794bdc293ade969f686a3d50124eed7
TSID03;CAMPOS DOS GOYTACAZES;99-Gestao/02-TSIDs/CAMPOS DOS GOYTACAZES/TSID03/Relatório Individual Preliminar - CAMPOS DOS GOYTACAZES.pdf;611b0c8330467cd491750dbad9b6337fde4ab15a042912063f7515ab3926c08b
TSID01;CASIMIRO DE ABREU;99-Gestao/02-TSIDs/CASIMIRO DE ABREU/TSID01/TSID01 - Prefeituras.docx;22ee2ac3c7458c1075d9a6628cee9918c0ddbac1cf4acd625e3d98d49209bc2c
TSID01;CASIMIRO DE ABREU;99-Gestao/02-TSIDs/CASIMIRO DE ABREU/TSID01/TSID01 - Prefeituras.pdf;ac4be4b7c8db52eab39ffaaa8828f59c147c57a89710c08520e1e82b0f26eb9b
TSID02;CASIMIRO DE ABREU;99-Gestao/02-TSIDs/CASIMIRO DE ABREU/TSID02/TSID02 - CASIMIRO DE ABREU.pdf;702f4ed050d0ede6a82f2f8fcee73d7cb76dce803ea04dce853994dc7245717c
TSID02;CASIMIRO DE ABREU;99-Gestao/02-TSIDs/CASIMIRO DE ABREU/TSID02/ANEXO I - QUESTIONARIO.pdf;ce1a6afceb91cf4d888ba58beaba31ccee10316ade743bbd4f2c2709cdbddb47
TSID02;CASIMIRO DE ABREU;99-Gestao/02-TSIDs/CASIMIRO DE ABREU/TSID02/ANEXO II - GLOSSARIO.xlsx;a76be3e0156ace2669fa057be463e079e2160f4b3baaaa70c735277137d36dcd
TSID03;CASIMIRO DE ABREU;99-Gestao/02-TSIDs/CASIMIRO DE ABREU/TSID03/TSID03 - CASIMIRO DE ABREU.pdf;c0de969307209cba0a68a26fb94d3c7e657617317f94f11ac9823eded59a1efc
TSID03;CASIMIRO DE ABREU;99-Gestao/02-TSIDs/CASIMIRO DE ABREU/TSID03/Comentarios do Gestor - CASIMIRO DE ABREU.pdf;9ff59c6c57d246a999dcdbeb0f3456bc6f04c0a2880682402800747a305006db
TSID03;CASIMIRO DE ABREU;99-Gestao/02-TSIDs/CASIMIRO DE ABREU/TSID03/Relatório Individual Preliminar - CASIMIRO DE ABREU.pdf;45b784207791707e6422ff44a5f0cfadb504bd825831903a3d46573d0a338d84
TSID01;DUQUE DE CAXIAS;99-Gestao/02-TSIDs/DUQUE DE CAXIAS/TSID01/TSID01 - Prefeituras.docx;22ee2ac3c7458c1075d9a6628cee9918c0ddbac1cf4acd625e3d98d49209bc2c
TSID01;DUQUE DE CAXIAS;99-Gestao/02-TSIDs/DUQUE DE CAXIAS/TSID01/TSID01 - Prefeituras.pdf;ac4be4b7c8db52eab39ffaaa8828f59c147c57a89710c08520e1e82b0f26eb9b
TSID02;DUQUE DE CAXIAS;99-Gestao/02-TSIDs/DUQUE DE CAXIAS/TSID02/TSID02 - DUQUE DE CAXIAS.pdf;691fa4bee4d9f6ba823ccb8a65b5052fefc4b87a7d895543d36fb58c8b97798f
TSID02;DUQUE DE CAXIAS;99-Gestao/02-TSIDs/DUQUE DE CAXIAS/TSID02/ANEXO I - QUESTIONARIO.pdf;ce1a6afceb91cf4d888ba58beaba31ccee10316ade743bbd4f2c2709cdbddb47
TSID02;DUQUE DE CAXIAS;99-Gestao/02-TSIDs/DUQUE DE CAXIAS/TSID02/ANEXO II - GLOSSARIO.xlsx;a76be3e0156ace2669fa057be463e079e2160f4b3baaaa70c735277137d36dcd
TSID03;DUQUE DE CAXIAS;99-Gestao/02-TSIDs/DUQUE DE CAXIAS/TSID03/TSID03 - DUQUE DE CAXIAS.pdf;fa6f61f7f628265a6654f965ca5d9d61e0ae75ec361b609dc14b0f2cc9a28f14
TSID03;DUQUE DE CAXIAS;99-Gestao/02-TSIDs/DUQUE DE CAXIAS/TSID03/Comentarios do Gestor - DUQUE DE CAXIAS.pdf;1a376094a7c89eceb9b86ed8e2dbbcff16f5b2ffec8001076d0a8a0e837f4053
TSID03;DUQUE DE CAXIAS;99-Gestao/02-TSIDs/DUQUE DE CAXIAS/TSID03/Relatório Individual Preliminar - DUQUE DE CAXIAS.pdf;cd588fd0861bc71cb04272b98e9f3e95a2f1cf04e6d45cc8eb6e413f139926e4
TSID01;GUAPIMIRIM;99-Gestao/02-TSIDs/GUAPIMIRIM/TSID01/TSID01 - Prefeituras.docx;22ee2ac3c7458c1075d9a6628cee9918c0ddbac1cf4acd625e3d98d49209bc2c
TSID01;GUAPIMIRIM;99-Gestao/02-TSIDs/GUAPIMIRIM/TSID01/TSID01 - Prefeituras.pdf;ac4be4b7c8db52eab39ffaaa8828f59c147c57a89710c08520e1e82b0f26eb9b
TSID02;GUAPIMIRIM;99-Gestao/02-TSIDs/GUAPIMIRIM/TSID02/TSID02 - GUAPIMIRIM.pdf;0414520e87ffe4493735e1bb9de1a0a3eba613766a0c592feec6ddcbe1cca3d1
TSID02;GUAPIMIRIM;99-Gestao/02-TSIDs/GUAPIMIRIM/TSID02/ANEXO I - QUESTIONARIO.pdf;ce1a6afceb91cf4d888ba58beaba31ccee10316ade743bbd4f2c2709cdbddb47
TSID02;GUAPIMIRIM;99-Gestao/02-TSIDs/GUAPIMIRIM/TSID02/ANEXO II - GLOSSARIO.xlsx;a76be3e0156ace2669fa057be463e079e2160f4b3baaaa70c735277137d36dcd
TSID03;GUAPIMIRIM;99-Gestao/02-TSIDs/GUAPIMIRIM/TSID03/TSID03 - GUAPIMIRIM.pdf;0fa2c5237475bae466088acaccb8759cf5b31f5bd293c8f52caf94e47b6c2ebd
TSID03;GUAPIMIRIM;99-Gestao/02-TSIDs/GUAPIMIRIM/TSID03/Comentarios do Gestor - GUAPIMIRIM.pdf;6cf9c814902a0b1ed80994a88aad16b0cc934de2a32304e3cdea62df35679c05
TSID03;GUAPIMIRIM;99-Gestao/02-TSIDs/GUAPIMIRIM/TSID03/Relatório Individual Preliminar - GUAPIMIRIM.pdf;7fb3583d53de69525cb8a4487f417c9b4b437616a0c831d453998c07ae606cd9
TSID01;ITAGUAÍ;99-Gestao/02-TSIDs/ITAGUAÍ/TSID01/TSID01 - Prefeituras.docx;22ee2ac3c7458c1075d9a6628cee9918c0ddbac1cf4acd625e3d98d49209bc2c
TSID01;ITAGUAÍ;99-Gestao/02-TSIDs/ITAGUAÍ/TSID01/TSID01 - Prefeituras.pdf;ac4be4b7c8db52eab39ffaaa8828f59c147c57a89710c08520e1e82b0f26eb9b
TSID02;ITAGUAÍ;99-Gestao/02-TSIDs/ITAGUAÍ/TSID02/TSID02 - ITAGUAÍ.pdf;8327f410ce74697014986b60afdd1590b0c08f30431fc9e7da3626a8273c75fb
TSID02;ITAGUAÍ;99-Gestao/02-TSIDs/ITAGUAÍ/TSID02/ANEXO I - QUESTIONARIO.pdf;ce1a6afceb91cf4d888ba58beaba31ccee10316ade743bbd4f2c2709cdbddb47
TSID02;ITAGUAÍ;99-Gestao/02-TSIDs/ITAGUAÍ/TSID02/ANEXO II - GLOSSARIO.xlsx;a76be3e0156ace2669fa057be463e079e2160f4b3baaaa70c735277137d36dcd
TSID03;ITAGUAÍ;99-Gestao/02-TSIDs/ITAGUAÍ/TSID03/TSID03 - ITAGUAÍ.pdf;55ba92550b3f1ff1de1e02fbd49186a2dabce0a13bab054c843c4616eb4d064d
TSID03;ITAGUAÍ;99-Gestao/02-TSIDs/ITAGUAÍ/TSID03/Comentarios do Gestor - ITAGUAÍ.pdf;ac226f8185ec8b19dd892529e2fb311f203b1791046fffb6d33b1f3866dff104
TSID03;ITAGUAÍ;99-Gestao/02-TSIDs/ITAGUAÍ/TSID03/Relatório Individual Preliminar - ITAGUAÍ.pdf;f5407047420b39b4001710d7682b89c9c78e644fe9899c7c0729b0038912a4c8
TSID01;JAPERI;99-Gestao/02-TSIDs/JAPERI/TSID01/TSID01 - Prefeituras.docx;22ee2ac3c7458c1075d9a6628cee9918c0ddbac1cf4acd625e3d98d49209bc2c
TSID01;JAPERI;99-Gestao/02-TSIDs/JAPERI/TSID01/TSID01 - Prefeituras.pdf;ac4be4b7c8db52eab39ffaaa8828f59c147c57a89710c08520e1e82b0f26eb9b
TSID02;JAPERI;99-Gestao/02-TSIDs/JAPERI/TSID02/TSID02 - JAPERI.pdf;268c8491746600b2690605e6ffa0a133f841481f178a10b6f9edacb4635426e2
TSID02;JAPERI;99-Gestao/02-TSIDs/JAPERI/TSID02/ANEXO I - QUESTIONARIO.pdf;ce1a6afceb91cf4d888ba58beaba31ccee10316ade743bbd4f2c2709cdbddb47
TSID02;JAPERI;99-Gestao/02-TSIDs/JAPERI/TSID02/ANEXO II - GLOSSARIO.xlsx;a76be3e0156ace2669fa057be463e079e2160f4b3baaaa70c735277137d36dcd
TSID03;JAPERI;99-Gestao/02-TSIDs/JAPERI/TSID03/TSID03 - JAPERI.pdf;2c7be0fffb551ec13947480449df8ef2d1239dabf9d42cfc29855a90fa4434e0
TSID03;JAPERI;99-Gestao/02-TSIDs/JAPERI/TSID03/Comentarios do Gestor - JAPERI.pdf;a054388fced7321ae8618b635478ad92c9bf26a5a22aed3051d74d48b993d11a
TSID03;JAPERI;99-Gestao/02-TSIDs/JAPERI/TSID03/Relatório Individual Preliminar - JAPERI.pdf;3af005e6d48c677a8c35c2c483b085d629e38df349ed02e7432d1a649eb9935d
TSID01;MACAÉ;99-Gestao/02-TSIDs/MACAÉ/TSID01/TSID01 - Prefeituras.docx;22ee2ac3c7458c1075d9a6628cee9918c0ddbac1cf4acd625e3d98d49209bc2c
TSID01;MACAÉ;99-Gestao/02-TSIDs/MACAÉ/TSID01/TSID01 - Prefeituras.pdf;ac4be4b7c8db52eab39ffaaa8828f59c147c57a89710c08520e1e82b0f26eb9b
TSID02;MACAÉ;99-Gestao/02-TSIDs/MACAÉ/TSID02/TSID02 - MACAÉ.pdf;8dcf5ca8a29e6fcdd5423a472b75cf455ef469db991cb98260c7fc64a6f7b0c6
TSID02;MACAÉ;99-Gestao/02-TSIDs/MACAÉ/TSID02/ANEXO I - QUESTIONARIO.pdf;ce1a6afceb91cf4d888ba58beaba31ccee10316ade743bbd4f2c2709cdbddb47
TSID02;MACAÉ;99-Gestao/02-TSIDs/MACAÉ/TSID02/ANEXO II - GLOSSARIO.xlsx;a76be3e0156ace2669fa057be463e079e2160f4b3baaaa70c735277137d36dcd
TSID03;MACAÉ;99-Gestao/02-TSIDs/MACAÉ/TSID03/TSID03 - MACAÉ.pdf;78751d7de758e36168fb8334a04495043ec19b379048d483e5a120172c2c942b
TSID03;MACAÉ;99-Gestao/02-TSIDs/MACAÉ/TSID03/Comentarios do Gestor - MACAÉ.pdf;42e267e01fe9f3f6a1b9ebafc696cf88500004b1090154f2280000a1eee69892
TSID03;MACAÉ;99-Gestao/02-TSIDs/MACAÉ/TSID03/Relatório Individual Preliminar - MACAÉ.pdf;c88a83f01c936cca8f593e442b5972a92f37bfca895f81c2a8e529f7e25c3699
TSID01;MAGÉ;99-Gestao/02-TSIDs/MAGÉ/TSID01/TSID01 - Prefeituras.docx;22ee2ac3c7458c1075d9a6628cee9918c0ddbac1cf4acd625e3d98d49209bc2c
TSID01;MAGÉ;99-Gestao/02-TSIDs/MAGÉ/TSID01/TSID01 - Prefeituras.pdf;ac4be4b7c8db52eab39ffaaa8828f59c147c57a89710c08520e1e82b0f26eb9b
TSID02;MAGÉ;99-Gestao/02-TSIDs/MAGÉ/TSID02/TSID02 - MAGÉ.pdf;a75b94007694eb8f31c3355b7cb79824aa90b3ec1ec994843f5c5437c9fa0582
TSID02;MAGÉ;99-Gestao/02-TSIDs/MAGÉ/TSID02/ANEXO I - QUESTIONARIO.pdf;ce1a6afceb91cf4d888ba58beaba31ccee10316ade743bbd4f2c2709cdbddb47
TSID02;MAGÉ;99-Gestao/02-TSIDs/MAGÉ/TSID02/ANEXO II - GLOSSARIO.xlsx;a76be3e0156ace2669fa057be463e079e2160f4b3baaaa70c735277137d36dcd
TSID03;MAGÉ;99-Gestao/02-TSIDs/MAGÉ/TSID03/TSID03 - MAGÉ.pdf;6f174f8667d5a20725270391cafa236e05033fa61018720514e73a5331d4a6f5
TSID03;MAGÉ;99-Gestao/02-TSIDs/MAGÉ/TSID03/Comentarios do Gestor - MAGÉ.pdf;8cd179f23f46fa3ccc635d98d63d049942c5c00f174d42956e5795e67eb6d46e
TSID03;MAGÉ;99-Gestao/02-TSIDs/MAGÉ/TSID03/Relatório Individual Preliminar - MAGÉ.pdf;a41418661987625f989faec9b32289448e6942dabae0803a902ec0a590921767
TSID01;MARICÁ;99-Gestao/02-TSIDs/MARICÁ/TSID01/TSID01 - Prefeituras.docx;22ee2ac3c7458c1075d9a6628cee9918c0ddbac1cf4acd625e3d98d49209bc2c
TSID01;MARICÁ;99-Gestao/02-TSIDs/MARICÁ/TSID01/TSID01 - Prefeituras.pdf;ac4be4b7c8db52eab39ffaaa8828f59c147c57a89710c08520e1e82b0f26eb9b
TSID02;MARICÁ;99-Gestao/02-TSIDs/MARICÁ/TSID02/TSID02 - MARICÁ.pdf;8520794e98c25dfe707cb0d50ba8c841d227dd4cf788abdf98691d2beba34773
TSID02;MARICÁ;99-Gestao/02-TSIDs/MARICÁ/TSID02/ANEXO I - QUESTIONARIO.pdf;ce1a6afceb91cf4d888ba58beaba31ccee10316ade743bbd4f2c2709cdbddb47
TSID02;MARICÁ;99-Gestao/02-TSIDs/MARICÁ/TSID02/ANEXO II - GLOSSARIO.xlsx;a76be3e0156ace2669fa057be463e079e2160f4b3baaaa70c735277137d36dcd
TSID03;MARICÁ;99-Gestao/02-TSIDs/MARICÁ/TSID03/TSID03 - MARICÁ.pdf;f34929312f26b8ce3d9f5c6ac5d1ebc4e46101cf91b66e997a423a806ec46d0c
TSID03;MARICÁ;99-Gestao/02-TSIDs/MARICÁ/TSID03/Comentarios do Gestor - MARICÁ.pdf;9e12fcc9145062c6dd509d1394780658e2887c83b2be39ffb91e079bb712cd2a
TSID03;MARICÁ;99-Gestao/02-TSIDs/MARICÁ/TSID03/Relatório Individual Preliminar - MARICÁ.pdf;e7fdd35c218278b19e2859a950c2ced2af46ab7c65a520fcfc7c993958e404e4
TSID01;MESQUITA;99-Gestao/02-TSIDs/MESQUITA/TSID01/TSID01 - Prefeituras.docx;22ee2ac3c7458c1075d9a6628cee9918c0ddbac1cf4acd625e3d98d49209bc2c
TSID01;MESQUITA;99-Gestao/02-TSIDs/MESQUITA/TSID01/TSID01 - Prefeituras.pdf;ac4be4b7c8db52eab39ffaaa8828f59c147c57a89710c08520e1e82b0f26eb9b
TSID02;MESQUITA;99-Gestao/02-TSIDs/MESQUITA/TSID02/TSID02 - MESQUITA.pdf;96185a1d4414614c7a533a907b2c2a642a6cb3cb882d606b416faf6e4a4d8b25
TSID02;MESQUITA;99-Gestao/02-TSIDs/MESQUITA/TSID02/ANEXO I - QUESTIONARIO.pdf;ce1a6afceb91cf4d888ba58beaba31ccee10316ade743bbd4f2c2709cdbddb47
TSID02;MESQUITA;99-Gestao/02-TSIDs/MESQUITA/TSID02/ANEXO II - GLOSSARIO.xlsx;a76be3e0156ace2669fa057be463e079e2160f4b3baaaa70c735277137d36dcd
TSID03;MESQUITA;99-Gestao/02-TSIDs/MESQUITA/TSID03/TSID03 - MESQUITA.pdf;e1b5a86b6f6adaa61524046a633b051a9ce00380d299b1446235be44f148d832
TSID03;MESQUITA;99-Gestao/02-TSIDs/MESQUITA/TSID03/Comentarios do Gestor - MESQUITA.pdf;d9ec1459e659d93d1a30b1320dbd12ce917048b49aba01937e8fe5fa07902a89
TSID03;MESQUITA;99-Gestao/02-TSIDs/MESQUITA/TSID03/Relatório Individual Preliminar - MESQUITA.pdf;cc7a9064e3c50c004e49adc802168e2f83f56d1df78b807500f0a276bebd6696
TSID01;NITERÓI;99-Gestao/02-TSIDs/NITERÓI/TSID01/TSID01 - Prefeituras.docx;22ee2ac3c7458c1075d9a6628cee9918c0ddbac1cf4acd625e3d98d49209bc2c
TSID01;NITERÓI;99-Gestao/02-TSIDs/NITERÓI/TSID01/TSID01 - Prefeituras.pdf;ac4be4b7c8db52eab39ffaaa8828f59c147c57a89710c08520e1e82b0f26eb9b
TSID02;NITERÓI;99-Gestao/02-TSIDs/NITERÓI/TSID02/TSID02 - NITERÓI.pdf;be51d169ddf05e508e8f690dd7021cf75e1fd871ae379373e014436bc4dd61de
TSID02;NITERÓI;99-Gestao/02-TSIDs/NITERÓI/TSID02/ANEXO I - QUESTIONARIO.pdf;ce1a6afceb91cf4d888ba58beaba31ccee10316ade743bbd4f2c2709cdbddb47
TSID02;NITERÓI;99-Gestao/02-TSIDs/NITERÓI/TSID02/ANEXO II - GLOSSARIO.xlsx;a76be3e0156ace2669fa057be463e079e2160f4b3baaaa70c735277137d36dcd
TSID03;NITERÓI;99-Gestao/02-TSIDs/NITERÓI/TSID03/TSID03 - NITERÓI.pdf;503ce58bb599dbdfa01e480557d645984d1f0b84c8d2689ae48485461b7c75f7
TSID03;NITERÓI;99-Gestao/02-TSIDs/NITERÓI/TSID03/Comentarios do Gestor - NITERÓI.pdf;8bb201c53dfbee5d8ec27b2135ec00c4e0eee9a9eced9c7e33ef436b7e86d9d9
TSID03;NITERÓI;99-Gestao/02-TSIDs/NITERÓI/TSID03/Relatório Individual Preliminar - NITERÓI.pdf;40edbba7df4cb6e326b725fcf76cd83648ceb934c3e79f2aaef3c1c6775fddf0
TSID01;NOVA FRIBURGO;99-Gestao/02-TSIDs/NOVA FRIBURGO/TSID01/TSID01 - Prefeituras.docx;22ee2ac3c7458c1075d9a6628cee9918c0ddbac1cf4acd625e3d98d49209bc2c
TSID01;NOVA FRIBURGO;99-Gestao/02-TSIDs/NOVA FRIBURGO/TSID01/TSID01 - Prefeituras.pdf;ac4be4b7c8db52eab39ffaaa8828f59c147c57a89710c08520e1e82b0f26eb9b
TSID02;NOVA FRIBURGO;99-Gestao/02-TSIDs/NOVA FRIBURGO/TSID02/TSID02 - NOVA FRIBURGO.pdf;5281842dbc915785ddb9f787851a7594ca9a59a2e00d40f2b9d1d47ee2242975
TSID02;NOVA FRIBURGO;99-Gestao/02-TSIDs/NOVA FRIBURGO/TSID02/ANEXO I - QUESTIONARIO.pdf;ce1a6afceb91cf4d888ba58beaba31ccee10316ade743bbd4f2c2709cdbddb47
TSID02;NOVA FRIBURGO;99-Gestao/02-TSIDs/NOVA FRIBURGO/TSID02/ANEXO II - GLOSSARIO.xlsx;a76be3e0156ace2669fa057be463e079e2160f4b3baaaa70c735277137d36dcd
TSID03;NOVA FRIBURGO;99-Gestao/02-TSIDs/NOVA FRIBURGO/TSID03/TSID03 - NOVA FRIBURGO.pdf;42068a3f7254f1f1b3860dce83de4e5d806dc77339d53f35e6265ac01d1d38ad
TSID03;NOVA FRIBURGO;99-Gestao/02-TSIDs/NOVA FRIBURGO/TSID03/Comentarios do Gestor - NOVA FRIBURGO.pdf;558354cf44bf666d8371cd39637aedd7baf03120fba50bab46911e2e27394dcd
TSID03;NOVA FRIBURGO;99-Gestao/02-TSIDs/NOVA FRIBURGO/TSID03/Relatório Individual Preliminar - NOVA FRIBURGO.pdf;d91070a7051dd6ff8834f42a7f0a1f97392d7788d0448581bf624674a8287caf
TSID01;NOVA IGUAÇU;99-Gestao/02-TSIDs/NOVA IGUAÇU/TSID01/TSID01 - Prefeituras.docx;22ee2ac3c7458c1075d9a6628cee9918c0ddbac1cf4acd625e3d98d49209bc2c
TSID01;NOVA IGUAÇU;99-Gestao/02-TSIDs/NOVA IGUAÇU/TSID01/TSID01 - Prefeituras.pdf;ac4be4b7c8db52eab39ffaaa8828f59c147c57a89710c08520e1e82b0f26eb9b
TSID02;NOVA IGUAÇU;99-Gestao/02-TSIDs/NOVA IGUAÇU/TSID02/TSID02 - NOVA IGUAÇU.pdf;313a3019b90520c05d89b0bc5f148c2282ab7856cbe68a0ecd64105d15af9a1f
TSID02;NOVA IGUAÇU;99-Gestao/02-TSIDs/NOVA IGUAÇU/TSID02/ANEXO I - QUESTIONARIO.pdf;ce1a6afceb91cf4d888ba58beaba31ccee10316ade743bbd4f2c2709cdbddb47
TSID02;NOVA IGUAÇU;99-Gestao/02-TSIDs/NOVA IGUAÇU/TSID02/ANEXO II - GLOSSARIO.xlsx;a76be3e0156ace2669fa057be463e079e2160f4b3baaaa70c735277137d36dcd
TSID03;NOVA IGUAÇU;99-Gestao/02-TSIDs/NOVA IGUAÇU/TSID03/TSID03 - NOVA IGUAÇU.pdf;b92982cf9deb91d46dd22e3107ae1d63e82194a410e9980fb5b0a8143bc805e1
TSID03;NOVA IGUAÇU;99-Gestao/02-TSIDs/NOVA IGUAÇU/TSID03/Comentarios do Gestor - NOVA IGUAÇU.pdf;142e7dc52bcc50923dc2b00a227e2df6e57be748e69f49d2bfccf8677a3df7cc
TSID03;NOVA IGUAÇU;99-Gestao/02-TSIDs/NOVA IGUAÇU/TSID03/Relatório Individual Preliminar - NOVA IGUAÇU.pdf;1b5cc232a04bd5f1b2f9764ccfb679f2b0761a9d05f317923b59c6e7f0d322b3
TSID01;PARATY;99-Gestao/02-TSIDs/PARATY/TSID01/TSID01 - Prefeituras.docx;22ee2ac3c7458c1075d9a6628cee9918c0ddbac1cf4acd625e3d98d49209bc2c
TSID01;PARATY;99-Gestao/02-TSIDs/PARATY/TSID01/TSID01 - Prefeituras.pdf;ac4be4b7c8db52eab39ffaaa8828f59c147c57a89710c08520e1e82b0f26eb9b
TSID02;PARATY;99-Gestao/02-TSIDs/PARATY/TSID02/TSID02 - PARATY.pdf;e042555e54ac920949674140bf8947f5e7ec54d4568f008f582659b73c46825d
TSID02;PARATY;99-Gestao/02-TSIDs/PARATY/TSID02/ANEXO I - QUESTIONARIO.pdf;ce1a6afceb91cf4d888ba58beaba31ccee10316ade743bbd4f2c2709cdbddb47
TSID02;PARATY;99-Gestao/02-TSIDs/PARATY/TSID02/ANEXO II - GLOSSARIO.xlsx;a76be3e0156ace2669fa057be463e079e2160f4b3baaaa70c735277137d36dcd
TSID03;PARATY;99-Gestao/02-TSIDs/PARATY/TSID03/TSID03 - PARATY.pdf;59224489165a1b0e9203cf74613129a7c6151083af651ce5c3e7a8e338330faf
TSID03;PARATY;99-Gestao/02-TSIDs/PARATY/TSID03/Comentarios do Gestor - PARATY.pdf;3bacb51cc3e5d8edaed2a90aba51e0979c9298c3a2617dce6c702c059976d5f4
TSID03;PARATY;99-Gestao/02-TSIDs/PARATY/TSID03/Relatório Individual Preliminar - PARATY.pdf;e89b97a7752c186cd21718734da67ea88a9027a6b505729b2ebb942f38396da1
TSID01;PETRÓPOLIS;99-Gestao/02-TSIDs/PETRÓPOLIS/TSID01/TSID01 - Prefeituras.docx;22ee2ac3c7458c1075d9a6628cee9918c0ddbac1cf4acd625e3d98d49209bc2c
TSID01;PETRÓPOLIS;99-Gestao/02-TSIDs/PETRÓPOLIS/TSID01/TSID01 - Prefeituras.pdf;ac4be4b7c8db52eab39ffaaa8828f59c147c57a89710c08520e1e82b0f26eb9b
TSID02;PETRÓPOLIS;99-Gestao/02-TSIDs/PETRÓPOLIS/TSID02/TSID02 - PETRÓPOLIS.pdf;7389b614ad099d08fda938afaf98a6c559f819b1bc61b3e2c9c5ab35c4571bad
TSID02;PETRÓPOLIS;99-Gestao/02-TSIDs/PETRÓPOLIS/TSID02/ANEXO I - QUESTIONARIO.pdf;ce1a6afceb91cf4d888ba58beaba31ccee10316ade743bbd4f2c2709cdbddb47
TSID02;PETRÓPOLIS;99-Gestao/02-TSIDs/PETRÓPOLIS/TSID02/ANEXO II - GLOSSARIO.xlsx;a76be3e0156ace2669fa057be463e079e2160f4b3baaaa70c735277137d36dcd
TSID03;PETRÓPOLIS;99-Gestao/02-TSIDs/PETRÓPOLIS/TSID03/TSID03 - PETRÓPOLIS.pdf;41c8945bcfe4ed5fd5172e0ad83f0cf45ee7a4894bef099b549e710445305acb
TSID03;PETRÓPOLIS;99-Gestao/02-TSIDs/PETRÓPOLIS/TSID03/Comentarios do Gestor - PETRÓPOLIS.pdf;816762f51285c336819312099439906f7fefeaff49d57e4f7f418defc75a942c
TSID03;PETRÓPOLIS;99-Gestao/02-TSIDs/PETRÓPOLIS/TSID03/Relatório Individual Preliminar - PETRÓPOLIS.pdf;21d1a43655506cc7ee1b948c85d761dfa4d0527a4765cd2d69d7c02097bfc196
TSID01;PORTO REAL;99-Gestao/02-TSIDs/PORTO REAL/TSID01/TSID01 - Prefeituras.docx;22ee2ac3c7458c1075d9a6628cee9918c0ddbac1cf4acd625e3d98d49209bc2c
TSID01;PORTO REAL;99-Gestao/02-TSIDs/PORTO REAL/TSID01/TSID01 - Prefeituras.pdf;ac4be4b7c8db52eab39ffaaa8828f59c147c57a89710c08520e1e82b0f26eb9b
TSID02;PORTO REAL;99-Gestao/02-TSIDs/PORTO REAL/TSID02/TSID02 - PORTO REAL.pdf;07fe0ea1f3fa6e687975bed0d1f5a86a0fb6d95ca862237edcfbb5d7d60797f3
TSID02;PORTO REAL;99-Gestao/02-TSIDs/PORTO REAL/TSID02/ANEXO I - QUESTIONARIO.pdf;ce1a6afceb91cf4d888ba58beaba31ccee10316ade743bbd4f2c2709cdbddb47
TSID02;PORTO REAL;99-Gestao/02-TSIDs/PORTO REAL/TSID02/ANEXO II - GLOSSARIO.xlsx;a76be3e0156ace2669fa057be463e079e2160f4b3baaaa70c735277137d36dcd
TSID03;PORTO REAL;99-Gestao/02-TSIDs/PORTO REAL/TSID03/TSID03 - PORTO REAL.pdf;3a99cb625cf015ca9027a709565a222ba6ba834d8b3521686e9a43e95d66deeb
TSID03;PORTO REAL;99-Gestao/02-TSIDs/PORTO REAL/TSID03/Comentarios do Gestor - PORTO REAL.pdf;5cd7ddd4105e55fb81b81f826bdbc14be52c14d94dba3f51203f9fc257b2496b
TSID03;PORTO REAL;99-Gestao/02-TSIDs/PORTO REAL/TSID03/Relatório Individual Preliminar - PORTO REAL.pdf;e9cedd3354a3b5483363f53de2fc269b6970c9150ccdc1c3e037b6e620e8dc7f
TSID01;QUATIS;99-Gestao/02-TSIDs/QUATIS/TSID01/TSID01 - Prefeituras.docx;22ee2ac3c7458c1075d9a6628cee9918c0ddbac1cf4acd625e3d98d49209bc2c
TSID01;QUATIS;99-Gestao/02-TSIDs/QUATIS/TSID01/TSID01 - Prefeituras.pdf;ac4be4b7c8db52eab39ffaaa8828f59c147c57a89710c08520e1e82b0f26eb9b
TSID02;QUATIS;99-Gestao/02-TSIDs/QUATIS/TSID02/TSID02 - QUATIS.pdf;adf914ec0a3cae8d6cdacfd6eb5ebe870c2aa77baffd360439a5195cf0fd26d2
TSID02;QUATIS;99-Gestao/02-TSIDs/QUATIS/TSID02/ANEXO I - QUESTIONARIO.pdf;ce1a6afceb91cf4d888ba58beaba31ccee10316ade743bbd4f2c2709cdbddb47
TSID02;QUATIS;99-Gestao/02-TSIDs/QUATIS/TSID02/ANEXO II - GLOSSARIO.xlsx;a76be3e0156ace2669fa057be463e079e2160f4b3baaaa70c735277137d36dcd
TSID03;QUATIS;99-Gestao/02-TSIDs/QUATIS/TSID03/TSID03 - QUATIS.pdf;893aa89dc669f0b77799e0c697027aacbaa80e87747161f0e58886d41b7ffa7a
TSID03;QUATIS;99-Gestao/02-TSIDs/QUATIS/TSID03/Comentarios do Gestor - QUATIS.pdf;839fda62d43efc0a7417b361009ea68066b58c2bb4aa7d7b386002cf6831039c
TSID03;QUATIS;99-Gestao/02-TSIDs/QUATIS/TSID03/Relatório Individual Preliminar - QUATIS.pdf;c4b8bed5c40b694c12b4b6c8d6d21637b752641589355b93ecf5008838df26ac
TSID01;QUEIMADOS;99-Gestao/02-TSIDs/QUEIMADOS/TSID01/TSID01 - Prefeituras.docx;22ee2ac3c7458c1075d9a6628cee9918c0ddbac1cf4acd625e3d98d49209bc2c
TSID01;QUEIMADOS;99-Gestao/02-TSIDs/QUEIMADOS/TSID01/TSID01 - Prefeituras.pdf;ac4be4b7c8db52eab39ffaaa8828f59c147c57a89710c08520e1e82b0f26eb9b
TSID02;QUEIMADOS;99-Gestao/02-TSIDs/QUEIMADOS/TSID02/TSID02 - QUEIMADOS.pdf;f4cf50846e50a532d715a967674a434c4c491cf4fe13fd98eb06a1d104705e49
TSID02;QUEIMADOS;99-Gestao/02-TSIDs/QUEIMADOS/TSID02/ANEXO I - QUESTIONARIO.pdf;ce1a6afceb91cf4d888ba58beaba31ccee10316ade743bbd4f2c2709cdbddb47
TSID02;QUEIMADOS;99-Gestao/02-TSIDs/QUEIMADOS/TSID02/ANEXO II - GLOSSARIO.xlsx;a76be3e0156ace2669fa057be463e079e2160f4b3baaaa70c735277137d36dcd
TSID03;QUEIMADOS;99-Gestao/02-TSIDs/QUEIMADOS/TSID03/TSID03 - QUEIMADOS.pdf;7c474aa7392f1cfbeda998be367319e000c2eda2b1503b031a6a320f5c34025b
TSID03;QUEIMADOS;99-Gestao/02-TSIDs/QUEIMADOS/TSID03/Comentarios do Gestor - QUEIMADOS.pdf;cf41f21d69fed1f5816999324a7e69e391dd740401c2dae7c176b83053e0e67a
TSID03;QUEIMADOS;99-Gestao/02-TSIDs/QUEIMADOS/TSID03/Relatório Individual Preliminar - QUEIMADOS.pdf;7e036f0f2feb189155ad929eb4d740a2f8ee2c58c62d927abade1912a9e25c8e
TSID01;QUISSAMÃ;99-Gestao/02-TSIDs/QUISSAMÃ/TSID01/TSID01 - Prefeituras.docx;22ee2ac3c7458c1075d9a6628cee9918c0ddbac1cf4acd625e3d98d49209bc2c
TSID01;QUISSAMÃ;99-Gestao/02-TSIDs/QUISSAMÃ/TSID01/TSID01 - Prefeituras.pdf;ac4be4b7c8db52eab39ffaaa8828f59c147c57a89710c08520e1e82b0f26eb9b
TSID02;QUISSAMÃ;99-Gestao/02-TSIDs/QUISSAMÃ/TSID02/TSID02 - QUISSAMÃ.pdf;a1a190f1c4f6b5086c805069c41c056023f8ca7803a2fdb409e04e0f9e39de3f
TSID02;QUISSAMÃ;99-Gestao/02-TSIDs/QUISSAMÃ/TSID02/ANEXO I - QUESTIONARIO.pdf;ce1a6afceb91cf4d888ba58beaba31ccee10316ade743bbd4f2c2709cdbddb47
TSID02;QUISSAMÃ;99-Gestao/02-TSIDs/QUISSAMÃ/TSID02/ANEXO II - GLOSSARIO.xlsx;a76be3e0156ace2669fa057be463e079e2160f4b3baaaa70c735277137d36dcd
TSID03;QUISSAMÃ;99-Gestao/02-TSIDs/QUISSAMÃ/TSID03/TSID03 - QUISSAMÃ.pdf;1f1356306ebd21b8bdf66790ed4eb30d952560ae55cbcbe124afe140ffa696cf
TSID03;QUISSAMÃ;99-Gestao/02-TSIDs/QUISSAMÃ/TSID03/Comentarios do Gestor - QUISSAMÃ.pdf;d4b176f6acd90fc713b6a95787f467876f19805bd155b995e976c7b158ffd57f
TSID03;QUISSAMÃ;99-Gestao/02-TSIDs/QUISSAMÃ/TSID03/Relatório Individual Preliminar - QUISSAMÃ.pdf;b4eb1bd8e5fa605eab6b1a05ed2e12cfe34f1efbf7377981e9a3db25547c2384
TSID01;RIO DAS OSTRAS;99-Gestao/02-TSIDs/RIO DAS OSTRAS/TSID01/TSID01 - Prefeituras.docx;22ee2ac3c7458c1075d9a6628cee9918c0ddbac1cf4acd625e3d98d49209bc2c
TSID01;RIO DAS OSTRAS;99-Gestao/02-TSIDs/RIO DAS OSTRAS/TSID01/TSID01 - Prefeituras.pdf;ac4be4b7c8db52eab39ffaaa8828f59c147c57a89710c08520e1e82b0f26eb9b
TSID02;RIO DAS OSTRAS;99-Gestao/02-TSIDs/RIO DAS OSTRAS/TSID02/TSID02 - RIO DAS OSTRAS.pdf;ccd9f55d1bbb828c97d1bf97325a1344b5e8371f9f6c86e75109c6c88f0ffbad
TSID02;RIO DAS OSTRAS;99-Gestao/02-TSIDs/RIO DAS OSTRAS/TSID02/ANEXO I - QUESTIONARIO.pdf;ce1a6afceb91cf4d888ba58beaba31ccee10316ade743bbd4f2c2709cdbddb47
TSID02;RIO DAS OSTRAS;99-Gestao/02-TSIDs/RIO DAS OSTRAS/TSID02/ANEXO II - GLOSSARIO.xlsx;a76be3e0156ace2669fa057be463e079e2160f4b3baaaa70c735277137d36dcd
TSID03;RIO DAS OSTRAS;99-Gestao/02-TSIDs/RIO DAS OSTRAS/TSID03/TSID03 - RIO DAS OSTRAS.pdf;3040b51400d5071dd1f610966405d69cc2c99e82e1744d32253ff78c0112e51f
TSID03;RIO DAS OSTRAS;99-Gestao/02-TSIDs/RIO DAS OSTRAS/TSID03/Comentarios do Gestor - RIO DAS OSTRAS.pdf;4438aea3b94c6b40c34d8802f730a199d00a2a51d3f5d700e5909c867ccc7619
TSID03;RIO DAS OSTRAS;99-Gestao/02-TSIDs/RIO DAS OSTRAS/TSID03/Relatório Individual Preliminar - RIO DAS OSTRAS.pdf;4add2ce0d66904e45b34913f19b76e78f51d6d03b3d57d86d4380df56b4d29e3
TSID01;SÃO GONÇALO;99-Gestao/02-TSIDs/SÃO GONÇALO/TSID01/TSID01 - Prefeituras.docx;22ee2ac3c7458c1075d9a6628cee9918c0ddbac1cf4acd625e3d98d49209bc2c
TSID01;SÃO GONÇALO;99-Gestao/02-TSIDs/SÃO GONÇALO/TSID01/TSID01 - Prefeituras.pdf;ac4be4b7c8db52eab39ffaaa8828f59c147c57a89710c08520e1e82b0f26eb9b
TSID02;SÃO GONÇALO;99-Gestao/02-TSIDs/SÃO GONÇALO/TSID02/TSID02 - SÃO GONÇALO.pdf;cafa3490d23c84792926444d09e2264a9e133293e7977b2359dc05c30fb3b5f9
TSID02;SÃO GONÇALO;99-Gestao/02-TSIDs/SÃO GONÇALO/TSID02/ANEXO I - QUESTIONARIO.pdf;ce1a6afceb91cf4d888ba58beaba31ccee10316ade743bbd4f2c2709cdbddb47
TSID02;SÃO GONÇALO;99-Gestao/02-TSIDs/SÃO GONÇALO/TSID02/ANEXO II - GLOSSARIO.xlsx;a76be3e0156ace2669fa057be463e079e2160f4b3baaaa70c735277137d36dcd
TSID03;SÃO GONÇALO;99-Gestao/02-TSIDs/SÃO GONÇALO/TSID03/TSID03 - SÃO GONÇALO.pdf;9d236433ed6db1d8ed9986d3a07e53bf8f68770eb5a347d4c170c4b2fa31e53e
TSID03;SÃO GONÇALO;99-Gestao/02-TSIDs/SÃO GONÇALO/TSID03/Comentarios do Gestor - SÃO GONÇALO.pdf;c7e795998633db71ad3a5410811de06a8c472e4d7970e8a201c030381d5edfcc
TSID03;SÃO GONÇALO;99-Gestao/02-TSIDs/SÃO GONÇALO/TSID03/Relatório Individual Preliminar - SÃO GONÇALO.pdf;bc7698609c74497375e376e88c92ec2f2d83629d9f11272831a090f4a69e8773
TSID01;SÃO JOÃO DA BARRA;99-Gestao/02-TSIDs/SÃO JOÃO DA BARRA/TSID01/TSID01 - Prefeituras.docx;22ee2ac3c7458c1075d9a6628cee9918c0ddbac1cf4acd625e3d98d49209bc2c
TSID01;SÃO JOÃO DA BARRA;99-Gestao/02-TSIDs/SÃO JOÃO DA BARRA/TSID01/TSID01 - Prefeituras.pdf;ac4be4b7c8db52eab39ffaaa8828f59c147c57a89710c08520e1e82b0f26eb9b
TSID02;SÃO JOÃO DA BARRA;99-Gestao/02-TSIDs/SÃO JOÃO DA BARRA/TSID02/TSID02 - SÃO JOÃO DA BARRA.pdf;6631f4d076cb67fd62e2c8a6bc7299d6051f6b1dd4b1c082adf2ed689063b8af
TSID02;SÃO JOÃO DA BARRA;99-Gestao/02-TSIDs/SÃO JOÃO DA BARRA/TSID02/ANEXO I - QUESTIONARIO.pdf;ce1a6afceb91cf4d888ba58beaba31ccee10316ade743bbd4f2c2709cdbddb47
TSID02;SÃO JOÃO DA BARRA;99-Gestao/02-TSIDs/SÃO JOÃO DA BARRA/TSID02/ANEXO II - GLOSSARIO.xlsx;a76be3e0156ace2669fa057be463e079e2160f4b3baaaa70c735277137d36dcd
TSID03;SÃO JOÃO DA BARRA;99-Gestao/02-TSIDs/SÃO JOÃO DA BARRA/TSID03/TSID03 - SÃO JOÃO DA BARRA.pdf;7481d66d54d220067dcdebaf4c05721e8bfd7233db3dcb59c2e437b015cad0fe
TSID03;SÃO JOÃO DA BARRA;99-Gestao/02-TSIDs/SÃO JOÃO DA BARRA/TSID03/Comentarios do Gestor - SÃO JOÃO DA BARRA.pdf;138d0a911e6666672f7777f5c1d139eed9f84eae44544b9978e9aeb9f380bade
TSID03;SÃO JOÃO DA BARRA;99-Gestao/02-TSIDs/SÃO JOÃO DA BARRA/TSID03/Relatório Individual Preliminar - SÃO JOÃO DA BARRA.pdf;11a7c8f073629578e687f4916dad81ccafed59cabab4bec5d3282a4a506d103b
TSID01;SÃO JOÃO DE MERITI;99-Gestao/02-TSIDs/SÃO JOÃO DE MERITI/TSID01/TSID01 - Prefeituras.docx;22ee2ac3c7458c1075d9a6628cee9918c0ddbac1cf4acd625e3d98d49209bc2c
TSID01;SÃO JOÃO DE MERITI;99-Gestao/02-TSIDs/SÃO JOÃO DE MERITI/TSID01/TSID01 - Prefeituras.pdf;ac4be4b7c8db52eab39ffaaa8828f59c147c57a89710c08520e1e82b0f26eb9b
TSID02;SÃO JOÃO DE MERITI;99-Gestao/02-TSIDs/SÃO JOÃO DE MERITI/TSID02/TSID02 - SÃO JOÃO DE MERITI.pdf;ee3d15b798d62053683958a7428474d6b8944eca2f6f45bfdc2c5aca84bc34d7
TSID02;SÃO JOÃO DE MERITI;99-Gestao/02-TSIDs/SÃO JOÃO DE MERITI/TSID02/ANEXO I - QUESTIONARIO.pdf;ce1a6afceb91cf4d888ba58beaba31ccee10316ade743bbd4f2c2709cdbddb47
TSID02;SÃO JOÃO DE MERITI;99-Gestao/02-TSIDs/SÃO JOÃO DE MERITI/TSID02/ANEXO II - GLOSSARIO.xlsx;a76be3e0156ace2669fa057be463e079e2160f4b3baaaa70c735277137d36dcd
TSID03;SÃO JOÃO DE MERITI;99-Gestao/02-TSIDs/SÃO JOÃO DE MERITI/TSID03/TSID03 - SÃO JOÃO DE MERITI.pdf;0cba2afc3e6b6be2af0ddacc6b2947295df25adde089574fdb510d884ce1a276
TSID03;SÃO JOÃO DE MERITI;99-Gestao/02-TSIDs/SÃO JOÃO DE MERITI/TSID03/Comentarios do Gestor - SÃO JOÃO DE MERITI.pdf;fb37938624ddd3a740dd6994cdce7f208ad74cce5386ba0e5f66fbd6010f7222
TSID03;SÃO JOÃO DE MERITI;99-Gestao/02-TSIDs/SÃO JOÃO DE MERITI/TSID03/Relatório Individual Preliminar - SÃO JOÃO DE MERITI.pdf;986b39411cde2cbd0a5d170ee61bca6cd82f7811059aa6dedc697a584ca2ddcd
TSID01;SÃO PEDRO DA ALDEIA;99-Gestao/02-TSIDs/SÃO PEDRO DA ALDEIA/TSID01/TSID01 - Prefeituras.docx;22ee2ac3c7458c1075d9a6628cee9918c0ddbac1cf4acd625e3d98d49209bc2c
TSID01;SÃO PEDRO DA ALDEIA;99-Gestao/02-TSIDs/SÃO PEDRO DA ALDEIA/TSID01/TSID01 - Prefeituras.pdf;ac4be4b7c8db52eab39ffaaa8828f59c147c57a89710c08520e1e82b0f26eb9b
TSID02;SÃO PEDRO DA ALDEIA;99-Gestao/02-TSIDs/SÃO PEDRO DA ALDEIA/TSID02/TSID02 - SÃO PEDRO DA ALDEIA.pdf;b74458ac3a0841d43851b15e07c945dcd169e14d360c3b8b0bcc9a0a29896830
TSID02;SÃO PEDRO DA ALDEIA;99-Gestao/02-TSIDs/SÃO PEDRO DA ALDEIA/TSID02/ANEXO I - QUESTIONARIO.pdf;ce1a6afceb91cf4d888ba58beaba31ccee10316ade743bbd4f2c2709cdbddb47
TSID02;SÃO PEDRO DA ALDEIA;99-Gestao/02-TSIDs/SÃO PEDRO DA ALDEIA/TSID02/ANEXO II - GLOSSARIO.xlsx;a76be3e0156ace2669fa057be463e079e2160f4b3baaaa70c735277137d36dcd
TSID03;SÃO PEDRO DA ALDEIA;99-Gestao/02-TSIDs/SÃO PEDRO DA ALDEIA/TSID03/TSID03 - SÃO PEDRO DA ALDEIA.pdf;c260a1a2a0b62b83df4b905bbf5f84cc8b83a261a660a183bffd83c9043bca02
TSID03;SÃO PEDRO DA ALDEIA;99-Gestao/02-TSIDs/SÃO PEDRO DA ALDEIA/TSID03/Comentarios do Gestor - SÃO PEDRO DA ALDEIA.pdf;69257580785fd7eb8eee98f5bac075560cb74321aacdb10a98df7477a74fbbff
TSID03;SÃO PEDRO DA ALDEIA;99-Gestao/02-TSIDs/SÃO PEDRO DA ALDEIA/TSID03/Relatório Individual Preliminar - SÃO PEDRO DA ALDEIA.pdf;5841065bcb1f959f913cabc4e010c483c18ddc92aea32b0de9d1af90ea28cd91
TSID01;SAQUAREMA;99-Gestao/02-TSIDs/SAQUAREMA/TSID01/TSID01 - Prefeituras.docx;22ee2ac3c7458c1075d9a6628cee9918c0ddbac1cf4acd625e3d98d49209bc2c
TSID01;SAQUAREMA;99-Gestao/02-TSIDs/SAQUAREMA/TSID01/TSID01 - Prefeituras.pdf;ac4be4b7c8db52eab39ffaaa8828f59c147c57a89710c08520e1e82b0f26eb9b
TSID02;SAQUAREMA;99-Gestao/02-TSIDs/SAQUAREMA/TSID02/TSID02 - SAQUAREMA.pdf;b38b5415323fc698a8332f36b36d3f2d1497a5441a6fef0d719ab4217742ccd7
TSID02;SAQUAREMA;99-Gestao/02-TSIDs/SAQUAREMA/TSID02/ANEXO I - QUESTIONARIO.pdf;ce1a6afceb91cf4d888ba58beaba31ccee10316ade743bbd4f2c2709cdbddb47
TSID02;SAQUAREMA;99-Gestao/02-TSIDs/SAQUAREMA/TSID02/ANEXO II - GLOSSARIO.xlsx;a76be3e0156ace2669fa057be463e079e2160f4b3baaaa70c735277137d36dcd
TSID03;SAQUAREMA;99-Gestao/02-TSIDs/SAQUAREMA/TSID03/TSID03 - SAQUAREMA.pdf;1e1c5bf7f3e333c1f50c45ee50e211f33a96094cebf68854fa2b1348810502b8
TSID03;SAQUAREMA;99-Gestao/02-TSIDs/SAQUAREMA/TSID03/Comentarios do Gestor - SAQUAREMA.pdf;f1ab47680eeaa005d1af139ef9a5b9276256f90b208aba88ebd80ec39ecdedb0
TSID03;SAQUAREMA;99-Gestao/02-TSIDs/SAQUAREMA/TSID03/Relatório Individual Preliminar - SAQUAREMA.pdf;434d88dd8190c47861f3a21756bf1b98b5b496dff4ecc0ee7ec43c1075782b27
TSID01;SEROPÉDICA;99-Gestao/02-TSIDs/SEROPÉDICA/TSID01/TSID01 - Prefeituras.docx;22ee2ac3c7458c1075d9a6628cee9918c0ddbac1cf4acd625e3d98d49209bc2c
TSID01;SEROPÉDICA;99-Gestao/02-TSIDs/SEROPÉDICA/TSID01/TSID01 - Prefeituras.pdf;ac4be4b7c8db52eab39ffaaa8828f59c147c57a89710c08520e1e82b0f26eb9b
TSID02;SEROPÉDICA;99-Gestao/02-TSIDs/SEROPÉDICA/TSID02/TSID02 - SEROPÉDICA.pdf;87c19948c8dae178dafba654f718326efcfaf948dd7d7ebf8376d97e04f3aa2a
TSID02;SEROPÉDICA;99-Gestao/02-TSIDs/SEROPÉDICA/TSID02/ANEXO I - QUESTIONARIO.pdf;ce1a6afceb91cf4d888ba58beaba31ccee10316ade743bbd4f2c2709cdbddb47
TSID02;SEROPÉDICA;99-Gestao/02-TSIDs/SEROPÉDICA/TSID02/ANEXO II - GLOSSARIO.xlsx;a76be3e0156ace2669fa057be463e079e2160f4b3baaaa70c735277137d36dcd
TSID03;SEROPÉDICA;99-Gestao/02-TSIDs/SEROPÉDICA/TSID03/TSID03 - SEROPÉDICA.pdf;ec86da0e6b487a5855feb81b32a6d0b3e3a2f86c2fba0cd42b92a84b4efcd43c
TSID03;SEROPÉDICA;99-Gestao/02-TSIDs/SEROPÉDICA/TSID03/Comentarios do Gestor - SEROPÉDICA.pdf;de4d4e1daf22a4cb142d358cf0364404aaff1c975f5a2547dedc714d2231be22
TSID03;SEROPÉDICA;99-Gestao/02-TSIDs/SEROPÉDICA/TSID03/Relatório Individual Preliminar - SEROPÉDICA.pdf;af0ef2244af19fa5f3a0050140d4c2363ad2e24e6aecd7fdf60fd2a1772661cd
TSID01;TERESÓPOLIS;99-Gestao/02-TSIDs/TERESÓPOLIS/TSID01/TSID01 - Prefeituras.docx;22ee2ac3c7458c1075d9a6628cee9918c0ddbac1cf4acd625e3d98d49209bc2c
TSID01;TERESÓPOLIS;99-Gestao/02-TSIDs/TERESÓPOLIS/TSID01/TSID01 - Prefeituras.pdf;ac4be4b7c8db52eab39ffaaa8828f59c147c57a89710c08520e1e82b0f26eb9b
TSID02;TERESÓPOLIS;99-Gestao/02-TSIDs/TERESÓPOLIS/TSID02/TSID02 - TERESÓPOLIS.pdf;ba3b4ddd4520a8940384cf3c7ec5e386839f7852da9dedc07009497063c96f2f
TSID02;TERESÓPOLIS;99-Gestao/02-TSIDs/TERESÓPOLIS/TSID02/ANEXO I - QUESTIONARIO.pdf;ce1a6afceb91cf4d888ba58beaba31ccee10316ade743bbd4f2c2709cdbddb47
TSID02;TERESÓPOLIS;99-Gestao/02-TSIDs/TERESÓPOLIS/TSID02/ANEXO II - GLOSSARIO.xlsx;a76be3e0156ace2669fa057be463e079e2160f4b3baaaa70c735277137d36dcd
TSID03;TERESÓPOLIS;99-Gestao/02-TSIDs/TERESÓPOLIS/TSID03/TSID03 - TERESÓPOLIS.pdf;bd1edee340ce7e35018a562cacb8e9089b424819beb18a69b68eb32461a4e7bb
TSID03;TERESÓPOLIS;99-Gestao/02-TSIDs/TERESÓPOLIS/TSID03/Comentarios do Gestor - TERESÓPOLIS.pdf;aecb86988c339be40c73b05ec78840a9f39f02b8971dbff0616068086ef8978d
TSID03;TERESÓPOLIS;99-Gestao/02-TSIDs/TERESÓPOLIS/TSID03/Relatório Individual Preliminar - TERESÓPOLIS.pdf;1dd60e6d862aec1dd78adb4195695b3f75827ed542afe6307e6df1e6f000b849
TSID01;VOLTA REDONDA;99-Gestao/02-TSIDs/VOLTA REDONDA/TSID01/TSID01 - Prefeituras.docx;22ee2ac3c7458c1075d9a6628cee9918c0ddbac1cf4acd625e3d98d49209bc2c
TSID01;VOLTA REDONDA;99-Gestao/02-TSIDs/VOLTA REDONDA/TSID01/TSID01 - Prefeituras.pdf;ac4be4b7c8db52eab39ffaaa8828f59c147c57a89710c08520e1e82b0f26eb9b
TSID02;VOLTA REDONDA;99-Gestao/02-TSIDs/VOLTA REDONDA/TSID02/TSID02 - VOLTA REDONDA.pdf;0c60445ee9f327d780d99fab6fd500b8c287f2a5b4aa8bdf9cf9171f85e5dd42
TSID02;VOLTA REDONDA;99-Gestao/02-TSIDs/VOLTA REDONDA/TSID02/ANEXO I - QUESTIONARIO.pdf;ce1a6afceb91cf4d888ba58beaba31ccee10316ade743bbd4f2c2709cdbddb47
TSID02;VOLTA REDONDA;99-Gestao/02-TSIDs/VOLTA REDONDA/TSID02/ANEXO II - GLOSSARIO.xlsx;a76be3e0156ace2669fa057be463e079e2160f4b3baaaa70c735277137d36dcd
TSID03;VOLTA REDONDA;99-Gestao/02-TSIDs/VOLTA REDONDA/TSID03/TSID03 - VOLTA REDONDA.pdf;cea9332247f3648692d8c69dc7739543308b127ff819b502c7ef79074c930277
TSID03;VOLTA REDONDA;99-Gestao/02-TSIDs/VOLTA REDONDA/TSID03/Comentarios do Gestor - VOLTA REDONDA.pdf;9dfd17e5e457ea45bc8774382fe8808553d93e291fe8971c07d7cb5ae385920b
TSID03;VOLTA REDONDA;99-Gestao/02-TSIDs/VOLTA REDONDA/TSID03/Relatório Individual Preliminar - VOLTA REDONDA.pdf;38ec081ab2f3d18ced21f0d54a8083a7a2179219bc032ee0712e319a73a40c9e
